ward_code,ward_name,population,population_weighted_risk,stadium_risk_factor,enhanced_risk,base_officers,officers_needed,officer_change,stadium_explanation
E05000026,Abbey,22693,9.495914517868947,1.0,9.495914517868947,87.0,87.0,0.0,No stadium influence
E05000027,Alibon,20895,8.833958410930844,1.0,8.833958410930844,81.0,81.0,0.0,No stadium influence
E05000028,Becontree,18431,8.214344736791276,1.0,8.214344736791276,76.0,76.0,0.0,No stadium influence
E05000029,Chadwell Heath,17681,9.524313284610598,1.0,9.524313284610598,88.0,88.0,0.0,No stadium influence
E05000030,Eastbrook,21889,8.288681840952076,1.0,8.288681840952076,76.0,76.0,0.0,No stadium influence
E05000031,Eastbury,21609,8.160328587967976,1.0,8.160328587967976,75.0,75.0,0.0,No stadium influence
E05000032,Gascoigne,16060,11.089558760473226,1.0,11.089558760473226,102.0,102.0,0.0,No stadium influence
E05000033,Goresbrook,20128,9.744866808873212,1.0,9.744866808873212,90.0,90.0,0.0,No stadium influence
E05000034,Heath,14794,8.820755493348654,1.0,8.820755493348654,81.0,81.0,0.0,No stadium influence
E05000035,Longbridge,20678,9.792610920625785,1.0,9.792610920625785,90.0,90.0,0.0,No stadium influence
E05000036,Mayesbrook,23157,9.14803686189921,1.0,9.14803686189921,84.0,84.0,0.0,No stadium influence
E05000037,Parsloes,19968,7.819442700355569,1.0,7.819442700355569,72.0,72.0,0.0,No stadium influence
E05000038,River,16878,10.066761464095272,1.0,10.066761464095272,93.0,93.0,0.0,No stadium influence
E05000039,Thames,12211,12.676217498239293,1.0,12.676217498239293,117.0,117.0,0.0,No stadium influence
E05000040,Valence,18068,9.093210313034092,1.0,9.093210313034092,84.0,84.0,0.0,No stadium influence
E05000041,Village,13563,9.810101309407948,1.0,9.810101309407948,90.0,90.0,0.0,No stadium influence
E05000042,Whalebone,15545,10.438301395342554,1.0,10.438301395342554,96.0,96.0,0.0,No stadium influence
E05000043,Brunswick Park,28755,8.664011710985916,1.0,8.664011710985916,80.0,80.0,0.0,No stadium influence
E05000044,Burnt Oak,22539,9.753541427791827,1.0,9.753541427791827,90.0,90.0,0.0,No stadium influence
E05000045,Childs Hill,36447,15.549873480259008,1.0,15.549873480259008,143.0,143.0,0.0,No stadium influence
E05000046,Colindale,16035,10.565186550795135,1.0,10.565186550795135,97.0,97.0,0.0,No stadium influence
E05000047,Coppetts,30369,8.801726141565412,1.0,8.801726141565412,81.0,81.0,0.0,No stadium influence
E05000048,East Barnet,26918,8.518654832090052,1.0,8.518654832090052,78.0,78.0,0.0,No stadium influence
E05000049,East Finchley,34202,9.658674591713934,1.0,9.658674591713934,89.0,89.0,0.0,No stadium influence
E05000050,Edgware,32193,10.841864351256485,1.0,10.841864351256485,100.0,100.0,0.0,No stadium influence
E05000051,Finchley Church End,27904,12.647309168649656,1.0,12.647309168649656,116.0,116.0,0.0,No stadium influence
E05000052,Garden Suburb,28336,10.145473199781199,1.0,10.145473199781199,93.0,93.0,0.0,No stadium influence
E05000053,Golders Green,28460,11.508632422101195,1.0,11.508632422101195,106.0,106.0,0.0,No stadium influence
E05000054,Hale,25235,9.908663888408956,1.0,9.908663888408956,91.0,91.0,0.0,No stadium influence
E05000055,Hendon,25155,12.43608212478235,1.0,12.43608212478235,114.0,114.0,0.0,No stadium influence
E05000056,High Barnet,25600,11.057935762078126,1.0,11.057935762078126,102.0,102.0,0.0,No stadium influence
E05000057,Mill Hill,32759,11.113710712048597,1.0,11.113710712048597,102.0,102.0,0.0,No stadium influence
E05000058,Oakleigh,24609,9.260943986675606,1.0,9.260943986675606,85.0,85.0,0.0,No stadium influence
E05000059,Totteridge,28939,10.825282413794534,1.0,10.825282413794534,100.0,100.0,0.0,No stadium influence
E05000060,Underhill,34013,9.991837977873166,1.0,9.991837977873166,92.0,92.0,0.0,No stadium influence
E05000061,West Finchley,23764,8.877796066823766,1.0,8.877796066823766,82.0,82.0,0.0,No stadium influence
E05000062,West Hendon,27219,10.92973550618318,1.0,10.92973550618318,101.0,101.0,0.0,No stadium influence
E05000063,Woodhouse,23393,10.767362538002821,1.0,10.767362538002821,99.0,99.0,0.0,No stadium influence
E05000085,Alperton,25301,9.449940971669104,1.0,9.449940971669104,87.0,87.0,0.0,No stadium influence
E05000086,Barnhill,27805,8.210590214759936,1.0,8.210590214759936,76.0,76.0,0.0,No stadium influence
E05000087,Brondesbury Park,23689,11.003921785309636,1.0,11.003921785309636,101.0,101.0,0.0,No stadium influence
E05000088,Dollis Hill,18132,11.738075849906243,1.0,11.738075849906243,108.0,108.0,0.0,No stadium influence
E05000089,Dudden Hill,21429,10.185052425311493,1.0,10.185052425311493,94.0,94.0,0.0,No stadium influence
E05000090,Fryent,26160,8.421386476666667,1.0,8.421386476666667,77.0,77.0,0.0,No stadium influence
E05000091,Harlesden,25364,10.827227569705094,1.0,10.827227569705094,100.0,100.0,0.0,No stadium influence
E05000092,Kensal Green,24883,9.531877466603705,1.0,9.531877466603705,88.0,88.0,0.0,No stadium influence
E05000093,Kenton,21785,8.645550722891898,1.0,8.645550722891898,80.0,80.0,0.0,No stadium influence
E05000094,Kilburn,22764,16.01533863670708,1.0,16.01533863670708,147.0,147.0,0.0,No stadium influence
E05000095,Mapesbury,21967,12.185687210634132,1.0,12.185687210634132,112.0,112.0,0.0,No stadium influence
E05000096,Northwick Park,21776,8.374775687711242,1.0,8.374775687711242,77.0,77.0,0.0,No stadium influence
E05000097,Preston,24352,9.548155880358904,1.0,9.548155880358904,88.0,88.0,0.0,No stadium influence
E05000098,Queens Park,25183,11.970714154469286,1.0,11.970714154469286,110.0,110.0,0.0,No stadium influence
E05000099,Queensbury,24182,9.327286476594162,1.0,9.327286476594162,86.0,86.0,0.0,No stadium influence
E05000100,Stonebridge,24092,10.046292813473352,1.0,10.046292813473352,92.0,92.0,0.0,No stadium influence
E05000101,Sudbury,17744,8.678398452406446,1.0,8.678398452406446,80.0,80.0,0.0,No stadium influence
E05000102,Tokyngton,17761,9.37834519064242,1.0,9.37834519064242,86.0,86.0,0.0,No stadium influence
E05000103,Welsh Harp,27858,10.740969533598966,1.0,10.740969533598966,99.0,99.0,0.0,No stadium influence
E05000104,Wembley Central,19957,8.306448511073809,1.0,8.306448511073809,76.0,76.0,0.0,No stadium influence
E05000105,Willesden Green,30047,10.672297670922223,1.0,10.672297670922223,98.0,98.0,0.0,No stadium influence
E05000106,Bickley,26719,9.029104671237695,1.0,9.029104671237695,83.0,83.0,0.0,No stadium influence
E05000107,Biggin Hill,22053,6.448905121325898,1.0,6.448905121325898,59.0,59.0,0.0,No stadium influence
E05000108,Bromley Common and Keston,29789,8.206634310477021,1.0,8.206634310477021,76.0,76.0,0.0,No stadium influence
E05000109,Bromley Town,29631,9.16263454702845,1.0,9.16263454702845,84.0,84.0,0.0,No stadium influence
E05000110,Chelsfield and Pratts Bottom,31249,8.945969403968126,1.0,8.945969403968126,82.0,82.0,0.0,No stadium influence
E05000111,Chislehurst,24284,9.9384395337465,1.0,9.9384395337465,91.0,91.0,0.0,No stadium influence
E05000112,Clock House,28001,8.819997688943253,1.0,8.819997688943253,81.0,81.0,0.0,No stadium influence
E05000113,Copers Cope,29835,10.850659895039383,1.0,10.850659895039383,100.0,100.0,0.0,No stadium influence
E05000114,Cray Valley East,29167,11.92366834552748,1.0,11.92366834552748,110.0,110.0,0.0,No stadium influence
E05000115,Cray Valley West,33179,9.236398256734683,1.0,9.236398256734683,85.0,85.0,0.0,No stadium influence
E05000116,Crystal Palace,18601,9.441111673189612,1.0,9.441111673189612,87.0,87.0,0.0,No stadium influence
E05000117,Darwin,10659,9.788916971291865,1.0,9.788916971291865,90.0,90.0,0.0,No stadium influence
E05000118,Farnborough and Crofton,33380,8.079839910584182,1.0,8.079839910584182,74.0,74.0,0.0,No stadium influence
E05000119,Hayes and Coney Hall,31081,8.59029136519417,1.0,8.59029136519417,79.0,79.0,0.0,No stadium influence
E05000120,Kelsey and Eden Park,35610,8.953004506809885,1.0,8.953004506809885,82.0,82.0,0.0,No stadium influence
E05000121,Mottingham and Chislehurst North,23858,8.23485939653785,1.0,8.23485939653785,76.0,76.0,0.0,No stadium influence
E05000122,Orpington,33656,10.409601736908725,1.0,10.409601736908725,96.0,96.0,0.0,No stadium influence
E05000123,Penge and Cator,30977,9.38635136264648,1.0,9.38635136264648,86.0,86.0,0.0,No stadium influence
E05000124,Petts Wood and Knoll,22285,8.152560861045547,1.0,8.152560861045547,75.0,75.0,0.0,No stadium influence
E05000125,Plaistow and Sundridge,27629,9.024585697444714,1.0,9.024585697444714,83.0,83.0,0.0,No stadium influence
E05000126,Shortlands,13380,8.861250367309417,1.0,8.861250367309417,82.0,82.0,0.0,No stadium influence
E05000127,West Wickham,33077,8.226614380611904,1.0,8.226614380611904,76.0,76.0,0.0,No stadium influence
E05000128,Belsize,24997,9.910959402560307,1.0,9.910959402560307,91.0,91.0,0.0,No stadium influence
E05000129,Bloomsbury,8785,30.994588766932274,1.0,30.994588766932274,285.0,285.0,0.0,No stadium influence
E05000130,Camden Town with Primrose Hill,26804,16.053402337113862,1.0,16.053402337113862,148.0,148.0,0.0,No stadium influence
E05000131,Cantelowes,13554,9.810999386409916,1.0,9.810999386409916,90.0,90.0,0.0,No stadium influence
E05000132,Fortune Green,23173,11.340839875717428,1.0,11.340839875717428,104.0,104.0,0.0,No stadium influence
E05000133,Frognal and Fitzjohns,25770,11.730222623457509,1.0,11.730222623457509,108.0,108.0,0.0,No stadium influence
E05000134,Gospel Oak,16019,9.871966811161744,1.0,9.871966811161744,91.0,91.0,0.0,No stadium influence
E05000135,Hampstead Town,26165,10.501121453353717,1.0,10.501121453353717,97.0,97.0,0.0,No stadium influence
E05000136,Haverstock,18063,9.17775845701157,1.0,9.17775845701157,84.0,84.0,0.0,No stadium influence
E05000137,Highgate,23111,10.649672393492276,1.0,10.649672393492276,98.0,98.0,0.0,No stadium influence
E05000138,Holborn and Covent Garden,19315,30.76640420820606,1.0,30.76640420820606,283.0,283.0,0.0,No stadium influence
E05000139,Kentish Town,19010,11.627883640231458,1.0,11.627883640231458,107.0,107.0,0.0,No stadium influence
E05000140,Kilburn,26208,14.708534542620574,1.0,14.708534542620574,135.0,135.0,0.0,No stadium influence
E05000141,King's Cross,19881,11.194020695085761,1.0,11.194020695085761,103.0,103.0,0.0,No stadium influence
E05000142,Regent's Park,19984,11.5611772793735,1.0,11.5611772793735,106.0,106.0,0.0,No stadium influence
E05000143,St Pancras and Somers Town,17688,10.775288041564902,1.0,10.775288041564902,99.0,99.0,0.0,No stadium influence
E05000144,Swiss Cottage,20612,11.609427091209005,1.0,11.609427091209005,107.0,107.0,0.0,No stadium influence
E05000145,West Hampstead,24455,13.775525214573706,1.0,13.775525214573706,127.0,127.0,0.0,No stadium influence
E05000170,Acton Central,32535,10.500084262504993,1.0,10.500084262504993,97.0,97.0,0.0,No stadium influence
E05000171,Cleveland,30530,8.683784750304618,1.0,8.683784750304618,80.0,80.0,0.0,No stadium influence
E05000172,Dormers Wells,24486,7.796248039103978,1.0,7.796248039103978,72.0,72.0,0.0,No stadium influence
E05000173,Ealing Broadway,20158,9.038681113915072,1.0,9.038681113915072,83.0,83.0,0.0,No stadium influence
E05000174,Ealing Common,23949,9.922064289586203,1.0,9.922064289586203,91.0,91.0,0.0,No stadium influence
E05000175,East Acton,27926,14.197678834885053,1.0,14.197678834885053,131.0,131.0,0.0,No stadium influence
E05000176,Elthorne,22337,12.144684413018759,1.0,12.144684413018759,112.0,112.0,0.0,No stadium influence
E05000177,Greenford Broadway,23435,9.410493980968637,1.0,9.410493980968637,87.0,87.0,0.0,No stadium influence
E05000178,Greenford Green,20994,10.839436198328094,1.0,10.839436198328094,100.0,100.0,0.0,No stadium influence
E05000179,Hanger Hill,30480,10.285835095941602,1.0,10.285835095941602,95.0,95.0,0.0,No stadium influence
E05000180,Hobbayne,28198,8.26002449277963,1.0,8.26002449277963,76.0,76.0,0.0,No stadium influence
E05000181,Lady Margaret,23441,9.035857911095944,1.0,9.035857911095944,83.0,83.0,0.0,No stadium influence
E05000182,Northfield,20143,9.30013298780718,1.0,9.30013298780718,86.0,86.0,0.0,No stadium influence
E05000183,North Greenford,22317,9.156147678921897,1.0,9.156147678921897,84.0,84.0,0.0,No stadium influence
E05000184,Northolt Mandeville,21610,8.700297142517353,1.0,8.700297142517353,80.0,80.0,0.0,No stadium influence
E05000185,Northolt West End,26837,8.391376594056712,1.0,8.391376594056712,77.0,77.0,0.0,No stadium influence
E05000186,Norwood Green,21734,10.153754608383178,1.0,10.153754608383178,93.0,93.0,0.0,No stadium influence
E05000187,Perivale,26149,10.352276470970208,1.0,10.352276470970208,95.0,95.0,0.0,No stadium influence
E05000188,South Acton,27303,10.922796550928469,1.0,10.922796550928469,100.0,100.0,0.0,No stadium influence
E05000189,Southall Broadway,18588,11.436085575220574,1.0,11.436085575220574,105.0,105.0,0.0,No stadium influence
E05000190,Southall Green,29936,10.333232714641234,1.0,10.333232714641234,95.0,95.0,0.0,No stadium influence
E05000191,Southfield,25205,9.262089110839119,1.0,9.262089110839119,85.0,85.0,0.0,No stadium influence
E05000192,Walpole,24624,8.804389132594217,1.0,8.804389132594217,81.0,81.0,0.0,No stadium influence
E05000193,Bowes,27458,7.93991846478622,1.0,7.93991846478622,73.0,73.0,0.0,No stadium influence
E05000194,Bush Hill Park,27577,11.464991951408782,1.0,11.464991951408782,105.0,105.0,0.0,No stadium influence
E05000195,Chase,29272,11.102544170538398,1.0,11.102544170538398,102.0,102.0,0.0,No stadium influence
E05000196,Cockfosters,27105,10.392952675170632,1.0,10.392952675170632,96.0,96.0,0.0,No stadium influence
E05000197,Edmonton Green,25399,13.082470127760937,1.0,13.082470127760937,120.0,120.0,0.0,No stadium influence
E05000198,Enfield Highway,27990,11.36526341739907,1.0,11.36526341739907,105.0,105.0,0.0,No stadium influence
E05000199,Enfield Lock,27023,11.85212755919032,1.0,11.85212755919032,109.0,109.0,0.0,No stadium influence
E05000200,Grange,22958,10.59310152974998,1.0,10.59310152974998,97.0,97.0,0.0,No stadium influence
E05000201,Haselbury,29742,8.619804007857576,1.0,8.619804007857576,79.0,79.0,0.0,No stadium influence
E05000202,Highlands,20005,9.843224608187954,1.0,9.843224608187954,91.0,91.0,0.0,No stadium influence
E05000203,Jubilee,26811,9.671776059565104,1.0,9.671776059565104,89.0,89.0,0.0,No stadium influence
E05000204,Lower Edmonton,25826,9.449883450127778,1.0,9.449883450127778,87.0,87.0,0.0,No stadium influence
E05000205,Palmers Green,24535,9.397114163545954,1.0,9.397114163545954,86.0,86.0,0.0,No stadium influence
E05000206,Ponders End,17397,12.488502382376272,1.0,12.488502382376272,115.0,115.0,0.0,No stadium influence
E05000207,Southbury,21245,10.60377501433749,1.0,10.60377501433749,98.0,98.0,0.0,No stadium influence
E05000208,Southgate,21501,8.983171755825312,1.0,8.983171755825312,83.0,83.0,0.0,No stadium influence
E05000209,Southgate Green,26398,10.252566565205697,1.0,10.252566565205697,94.0,94.0,0.0,No stadium influence
E05000210,Town,29751,11.825901235044201,1.0,11.825901235044201,109.0,109.0,0.0,No stadium influence
E05000211,Turkey Street,29627,11.44288419303338,1.0,11.44288419303338,105.0,105.0,0.0,No stadium influence
E05000212,Upper Edmonton,25404,12.546475558888362,1.0,12.546475558888362,115.0,115.0,0.0,No stadium influence
E05000213,Winchmore Hill,26317,10.984041096173577,1.0,10.984041096173577,101.0,101.0,0.0,No stadium influence
E05000214,Abbey Wood,30207,10.009348858453338,1.0,10.009348858453338,92.0,92.0,0.0,No stadium influence
E05000215,Blackheath Westcombe,21159,9.12563309863415,1.0,9.12563309863415,84.0,84.0,0.0,No stadium influence
E05000216,Charlton,22833,10.759608661761487,1.0,10.759608661761487,99.0,99.0,0.0,No stadium influence
E05000217,Coldharbour and New Eltham,22253,8.836688219089561,1.0,8.836688219089561,81.0,81.0,0.0,No stadium influence
E05000218,Eltham North,29441,9.249163530674908,1.0,9.249163530674908,85.0,85.0,0.0,No stadium influence
E05000219,Eltham South,17341,9.862038945677874,1.0,9.862038945677874,91.0,91.0,0.0,No stadium influence
E05000220,Eltham West,12817,8.081301895716626,1.0,8.081301895716626,74.0,74.0,0.0,No stadium influence
E05000221,Glyndon,27208,7.895605378028522,1.0,7.895605378028522,73.0,73.0,0.0,No stadium influence
E05000222,Greenwich West,23189,12.976040329565743,1.0,12.976040329565743,119.0,119.0,0.0,No stadium influence
E05000223,Kidbrooke with Hornfair,28682,9.7583418942891,1.0,9.7583418942891,90.0,90.0,0.0,No stadium influence
E05000224,Middle Park and Sutcliffe,22753,9.076482372241022,1.0,9.076482372241022,84.0,84.0,0.0,No stadium influence
E05000225,Peninsula,13821,14.152322100824833,1.0,14.152322100824833,130.0,130.0,0.0,No stadium influence
E05000226,Plumstead,28603,10.218222653756598,1.0,10.218222653756598,94.0,94.0,0.0,No stadium influence
E05000227,Shooters Hill,27988,8.51656321413463,1.0,8.51656321413463,78.0,78.0,0.0,No stadium influence
E05000228,Thamesmead Moorings,32561,8.827926200454531,1.0,8.827926200454531,81.0,81.0,0.0,No stadium influence
E05000229,Woolwich Common,27682,10.743285138646053,1.0,10.743285138646053,99.0,99.0,0.0,No stadium influence
E05000230,Woolwich Riverside,19021,9.704915251511487,1.0,9.704915251511487,89.0,89.0,0.0,No stadium influence
E05000250,Addison,16991,9.75086185021482,1.0,9.75086185021482,90.0,90.0,0.0,No stadium influence
E05000251,Askew,29035,9.80096405164801,1.0,9.80096405164801,90.0,90.0,0.0,No stadium influence
E05000252,Avonmore and Brook Green,23531,8.659741406187582,1.0,8.659741406187582,80.0,80.0,0.0,No stadium influence
E05000253,College Park and Old Oak,18429,12.57631399954962,1.0,12.57631399954962,116.0,116.0,0.0,No stadium influence
E05000254,Fulham Broadway,21827,11.129997041576946,1.0,11.129997041576946,102.0,102.0,0.0,No stadium influence
E05000255,Fulham Reach,17423,9.903978962285485,1.0,9.903978962285485,91.0,91.0,0.0,No stadium influence
E05000256,Hammersmith Broadway,35389,14.012996285201616,1.0,14.012996285201616,129.0,129.0,0.0,No stadium influence
E05000257,Munster,22154,11.042077374212331,1.0,11.042077374212331,102.0,102.0,0.0,No stadium influence
E05000258,North End,17458,9.819333616851873,1.0,9.819333616851873,90.0,90.0,0.0,No stadium influence
E05000259,Palace Riverside,13892,9.534860667024187,1.0,9.534860667024187,88.0,88.0,0.0,No stadium influence
E05000260,Parsons Green and Walham,20926,10.205214947959476,1.0,10.205214947959476,94.0,94.0,0.0,No stadium influence
E05000261,Ravenscourt Park,20708,10.46414025371837,1.0,10.46414025371837,96.0,96.0,0.0,No stadium influence
E05000262,Sands End,25705,8.453687211309084,1.0,8.453687211309084,78.0,78.0,0.0,No stadium influence
E05000263,Shepherd's Bush Green,23657,17.89066568747094,1.0,17.89066568747094,165.0,165.0,0.0,No stadium influence
E05000264,Town,14254,11.313367020345167,1.0,11.313367020345167,104.0,104.0,0.0,No stadium influence
E05000265,Wormholt and White City,28386,8.136893043729303,1.0,8.136893043729303,75.0,75.0,0.0,No stadium influence
E05000266,Alexandra,21331,8.503162075003516,1.0,8.503162075003516,78.0,78.0,0.0,No stadium influence
E05000267,Bounds Green,24696,9.244537189540816,1.0,9.244537189540816,85.0,85.0,0.0,No stadium influence
E05000268,Bruce Grove,21186,9.16991877692344,1.0,9.16991877692344,84.0,84.0,0.0,No stadium influence
E05000269,Crouch End,19846,13.62234770250932,1.0,13.62234770250932,125.0,125.0,0.0,No stadium influence
E05000270,Fortis Green,20564,11.413594137983855,1.0,11.413594137983855,105.0,105.0,0.0,No stadium influence
E05000271,Harringay,20323,10.977831671751218,1.0,10.977831671751218,101.0,101.0,0.0,No stadium influence
E05000272,Highgate,24057,13.634687971609095,1.0,13.634687971609095,125.0,125.0,0.0,No stadium influence
E05000273,Hornsey,25435,9.69753775164144,1.0,9.69753775164144,89.0,89.0,0.0,No stadium influence
E05000274,Muswell Hill,23065,9.312123171515282,1.0,9.312123171515282,86.0,86.0,0.0,No stadium influence
E05000275,Noel Park,28103,11.415830037732626,1.0,11.415830037732626,105.0,105.0,0.0,No stadium influence
E05000276,Northumberland Park,27093,15.996897208614772,1.0,15.996897208614772,147.0,147.0,0.0,No stadium influence
E05000277,St Ann's,25986,9.705963190995151,1.0,9.705963190995151,89.0,89.0,0.0,No stadium influence
E05000278,Seven Sisters,24838,8.99421954742733,1.0,8.99421954742733,83.0,83.0,0.0,No stadium influence
E05000279,Stroud Green,22067,10.660483145321068,1.0,10.660483145321068,98.0,98.0,0.0,No stadium influence
E05000280,Tottenham Green,20465,13.26762178861471,1.0,13.26762178861471,122.0,122.0,0.0,No stadium influence
E05000281,Tottenham Hale,21675,12.064496707681661,1.0,12.064496707681661,111.0,111.0,0.0,No stadium influence
E05000282,West Green,25818,10.343468988298861,1.0,10.343468988298861,95.0,95.0,0.0,No stadium influence
E05000283,White Hart Lane,22279,9.34794339263432,1.0,9.34794339263432,86.0,86.0,0.0,No stadium influence
E05000284,Woodside,26352,8.704164564264572,1.0,8.704164564264572,80.0,80.0,0.0,No stadium influence
E05000285,Belmont,20475,8.866767709440781,1.0,8.866767709440781,82.0,82.0,0.0,No stadium influence
E05000286,Canons,21217,9.329727170665032,1.0,9.329727170665032,86.0,86.0,0.0,No stadium influence
E05000287,Edgware,23876,9.428837661710503,1.0,9.428837661710503,87.0,87.0,0.0,No stadium influence
E05000288,Greenhill,13815,19.08391904068042,1.0,19.08391904068042,176.0,176.0,0.0,No stadium influence
E05000289,Harrow on the Hill,24909,9.104292706828858,1.0,9.104292706828858,84.0,84.0,0.0,No stadium influence
E05000290,Harrow Weald,21694,9.293653277611321,1.0,9.293653277611321,86.0,86.0,0.0,No stadium influence
E05000291,Hatch End,21552,9.037136171343727,1.0,9.037136171343727,83.0,83.0,0.0,No stadium influence
E05000292,Headstone North,16980,8.938182962779742,1.0,8.938182962779742,82.0,82.0,0.0,No stadium influence
E05000293,Headstone South,20597,9.173692542365394,1.0,9.173692542365394,84.0,84.0,0.0,No stadium influence
E05000294,Kenton East,23452,8.074294077485929,1.0,8.074294077485929,74.0,74.0,0.0,No stadium influence
E05000295,Kenton West,21133,7.43614820447168,1.0,7.43614820447168,68.0,68.0,0.0,No stadium influence
E05000296,Marlborough,14282,13.702388685618262,1.0,13.702388685618262,126.0,126.0,0.0,No stadium influence
E05000297,Pinner,17881,10.898413588893238,1.0,10.898413588893238,100.0,100.0,0.0,No stadium influence
E05000298,Pinner South,17669,9.355827031410946,1.0,9.355827031410946,86.0,86.0,0.0,No stadium influence
E05000299,Queensbury,21537,10.207765417096159,1.0,10.207765417096159,94.0,94.0,0.0,No stadium influence
E05000300,Rayners Lane,25798,8.61946381027599,1.0,8.61946381027599,79.0,79.0,0.0,No stadium influence
E05000301,Roxbourne,18376,9.036567422507618,1.0,9.036567422507618,83.0,83.0,0.0,No stadium influence
E05000302,Roxeth,18923,9.313807999862602,1.0,9.313807999862602,86.0,86.0,0.0,No stadium influence
E05000303,Stanmore Park,18120,11.462073240121413,1.0,11.462073240121413,105.0,105.0,0.0,No stadium influence
E05000304,Wealdstone,13822,9.81895752257271,1.0,9.81895752257271,90.0,90.0,0.0,No stadium influence
E05000305,West Harrow,16712,8.728914483957636,1.0,8.728914483957636,80.0,80.0,0.0,No stadium influence
E05000306,Brooklands,32102,8.682202381845368,1.0,8.682202381845368,80.0,80.0,0.0,No stadium influence
E05000307,Cranham,21668,8.006634973278567,1.0,8.006634973278567,74.0,74.0,0.0,No stadium influence
E05000308,Elm Park,24598,8.194038997552648,1.0,8.194038997552648,75.0,75.0,0.0,No stadium influence
E05000309,Emerson Park,16030,6.939263881852776,1.0,6.939263881852776,64.0,64.0,0.0,No stadium influence
E05000310,Gooshays,26301,12.31165878074978,1.0,12.31165878074978,113.0,113.0,0.0,No stadium influence
E05000311,Hacton,23176,7.139580590831033,1.0,7.139580590831033,66.0,66.0,0.0,No stadium influence
E05000312,Harold Wood,20380,9.540690319205103,1.0,9.540690319205103,88.0,88.0,0.0,No stadium influence
E05000313,Havering Park,27801,7.51549952818244,1.0,7.51549952818244,69.0,69.0,0.0,No stadium influence
E05000314,Heaton,32020,9.96161716489694,1.0,9.96161716489694,92.0,92.0,0.0,No stadium influence
E05000315,Hylands,29605,9.362004371768283,1.0,9.362004371768283,86.0,86.0,0.0,No stadium influence
E05000316,Mawneys,23572,8.537594822102495,1.0,8.537594822102495,79.0,79.0,0.0,No stadium influence
E05000317,Pettits,25004,9.001836170036794,1.0,9.001836170036794,83.0,83.0,0.0,No stadium influence
E05000318,Rainham and Wennington,33992,8.330652218086609,1.0,8.330652218086609,77.0,77.0,0.0,No stadium influence
E05000319,Romford Town,32769,10.13615978111935,1.0,10.13615978111935,93.0,93.0,0.0,No stadium influence
E05000320,St Andrew's,23288,7.710976104770697,1.0,7.710976104770697,71.0,71.0,0.0,No stadium influence
E05000321,South Hornchurch,23665,11.144681332491022,1.0,11.144681332491022,103.0,103.0,0.0,No stadium influence
E05000322,Squirrel's Heath,27823,8.487141132013083,1.0,8.487141132013083,78.0,78.0,0.0,No stadium influence
E05000323,Upminster,24091,9.146033246855673,1.0,9.146033246855673,84.0,84.0,0.0,No stadium influence
E05000324,Barnhill,21781,9.889595995684312,1.0,9.889595995684312,91.0,91.0,0.0,No stadium influence
E05000325,Botwell,17576,8.339092695425581,1.0,8.339092695425581,77.0,77.0,0.0,No stadium influence
E05000326,Brunel,20682,8.999842709989363,1.0,8.999842709989363,83.0,83.0,0.0,No stadium influence
E05000327,Cavendish,21862,7.829239413676699,1.0,7.829239413676699,72.0,72.0,0.0,No stadium influence
E05000328,Charville,22731,8.536405590840703,1.0,8.536405590840703,79.0,79.0,0.0,No stadium influence
E05000329,Eastcote and East Ruislip,25495,9.014651131319868,1.0,9.014651131319868,83.0,83.0,0.0,No stadium influence
E05000330,Harefield,9813,8.524803046978498,1.0,8.524803046978498,78.0,78.0,0.0,No stadium influence
E05000331,Heathrow Villages,25069,12.077564060712433,1.0,12.077564060712433,111.0,111.0,0.0,No stadium influence
E05000332,Hillingdon East,24965,8.334661855025036,1.0,8.334661855025036,77.0,77.0,0.0,No stadium influence
E05000333,Ickenham,24957,9.570657079624954,1.0,9.570657079624954,88.0,88.0,0.0,No stadium influence
E05000334,Manor,15761,9.590468831736565,1.0,9.590468831736565,88.0,88.0,0.0,No stadium influence
E05000335,Northwood,20403,9.182426703229916,1.0,9.182426703229916,84.0,84.0,0.0,No stadium influence
E05000336,Northwood Hills,23702,8.69658803236014,1.0,8.69658803236014,80.0,80.0,0.0,No stadium influence
E05000337,Pinkwell,26272,9.591949348336632,1.0,9.591949348336632,88.0,88.0,0.0,No stadium influence
E05000338,South Ruislip,13991,9.273805735108285,1.0,9.273805735108285,85.0,85.0,0.0,No stadium influence
E05000339,Townfield,25581,11.957527989249835,1.0,11.957527989249835,110.0,110.0,0.0,No stadium influence
E05000340,Uxbridge North,15719,9.11040944300528,1.0,9.11040944300528,84.0,84.0,0.0,No stadium influence
E05000341,Uxbridge South,12468,11.780818792107796,1.0,11.780818792107796,108.0,108.0,0.0,No stadium influence
E05000342,West Drayton,22805,9.38414118598553,1.0,9.38414118598553,86.0,86.0,0.0,No stadium influence
E05000343,West Ruislip,24915,8.681386319682922,1.0,8.681386319682922,80.0,80.0,0.0,No stadium influence
E05000344,Yeading,21384,9.065504652740367,1.0,9.065504652740367,83.0,83.0,0.0,No stadium influence
E05000345,Yiewsley,15761,8.677745574773175,1.0,8.677745574773175,80.0,80.0,0.0,No stadium influence
E05000346,Bedfont,15761,9.471215239807119,1.0,9.471215239807119,87.0,87.0,0.0,No stadium influence
E05000347,Brentford,10542,10.507495758679568,1.0,10.507495758679568,97.0,97.0,0.0,No stadium influence
E05000348,Chiswick Homefields,23230,11.218766785880328,1.0,11.218766785880328,103.0,103.0,0.0,No stadium influence
E05000349,Chiswick Riverside,20072,11.672975411767636,1.0,11.672975411767636,107.0,107.0,0.0,No stadium influence
E05000350,Cranford,25168,10.19521190378258,1.0,10.19521190378258,94.0,94.0,0.0,No stadium influence
E05000351,Feltham North,18617,10.740460721813395,1.0,10.740460721813395,99.0,99.0,0.0,No stadium influence
E05000352,Feltham West,34443,7.806806611462416,1.0,7.806806611462416,72.0,72.0,0.0,No stadium influence
E05000353,Hanworth,21315,10.23181012453202,1.0,10.23181012453202,94.0,94.0,0.0,No stadium influence
E05000354,Hanworth Park,20686,9.158231067045344,1.0,9.158231067045344,84.0,84.0,0.0,No stadium influence
E05000355,Heston Central,28625,9.798943071825327,1.0,9.798943071825327,90.0,90.0,0.0,No stadium influence
E05000356,Heston East,22824,9.615320143401682,1.0,9.615320143401682,88.0,88.0,0.0,No stadium influence
E05000357,Heston West,24658,9.610828510734851,1.0,9.610828510734851,88.0,88.0,0.0,No stadium influence
E05000358,Hounslow Central,24264,11.38794806293274,1.0,11.38794806293274,105.0,105.0,0.0,No stadium influence
E05000359,Hounslow Heath,14637,9.183506519040789,1.0,9.183506519040789,84.0,84.0,0.0,No stadium influence
E05000360,Hounslow South,14463,9.034373831404272,1.0,9.034373831404272,83.0,83.0,0.0,No stadium influence
E05000361,Hounslow West,22805,9.199431916834028,1.0,9.199431916834028,85.0,85.0,0.0,No stadium influence
E05000362,Isleworth,27794,7.9026546586673385,1.0,7.9026546586673385,73.0,73.0,0.0,No stadium influence
E05000363,Osterley and Spring Grove,26005,9.537403979965392,1.0,9.537403979965392,88.0,88.0,0.0,No stadium influence
E05000364,Syon,17172,9.989273270801306,1.0,9.989273270801306,92.0,92.0,0.0,No stadium influence
E05000365,Turnham Green,20901,12.556463012439595,1.0,12.556463012439595,116.0,116.0,0.0,No stadium influence
E05000366,Barnsbury,23851,10.74386849553478,1.0,10.74386849553478,99.0,99.0,0.0,No stadium influence
E05000367,Bunhill,20694,20.86466532845269,1.0,20.86466532845269,192.0,192.0,0.0,No stadium influence
E05000368,Caledonian,23915,10.635959027179595,1.0,10.635959027179595,98.0,98.0,0.0,No stadium influence
E05000369,Canonbury,14183,11.789204811393923,1.0,11.789204811393923,108.0,108.0,0.0,No stadium influence
E05000370,Clerkenwell,18609,17.284769331237573,1.0,17.284769331237573,159.0,159.0,0.0,No stadium influence
E05000371,Finsbury Park,16226,13.363618827129299,1.0,13.363618827129299,123.0,123.0,0.0,No stadium influence
E05000372,Highbury East,23382,12.057437103755026,1.0,12.057437103755026,111.0,111.0,0.0,No stadium influence
E05000373,Highbury West,27776,9.987895144311635,1.0,9.987895144311635,92.0,92.0,0.0,No stadium influence
E05000374,Hillrise,24837,8.74844574200588,1.0,8.74844574200588,80.0,80.0,0.0,No stadium influence
E05000375,Holloway,31730,13.291299915947054,1.0,13.291299915947054,122.0,122.0,0.0,No stadium influence
E05000376,Junction,22803,13.907033987589351,1.0,13.907033987589351,128.0,128.0,0.0,No stadium influence
E05000377,Mildmay,27276,9.883022056643203,1.0,9.883022056643203,91.0,91.0,0.0,No stadium influence
E05000378,St George's,20490,11.237938195949244,1.0,11.237938195949244,103.0,103.0,0.0,No stadium influence
E05000379,St Mary's,16756,13.12115979372762,1.0,13.12115979372762,121.0,121.0,0.0,No stadium influence
E05000380,St Peter's,13243,11.00685680574643,1.0,11.00685680574643,101.0,101.0,0.0,No stadium influence
E05000381,Tollington,29343,10.355561410043281,1.0,10.355561410043281,95.0,95.0,0.0,No stadium influence
E05000400,Alexandra,18044,8.172522351097317,1.0,8.172522351097317,75.0,75.0,0.0,No stadium influence
E05000401,Berrylands,17189,7.695975746419221,1.0,7.695975746419221,71.0,71.0,0.0,No stadium influence
E05000402,Beverley,23780,9.870009529360807,1.0,9.870009529360807,91.0,91.0,0.0,No stadium influence
E05000403,Canbury,15012,8.46178158107514,1.0,8.46178158107514,78.0,78.0,0.0,No stadium influence
E05000404,Chessington North and Hook,19086,6.857769301246987,1.0,6.857769301246987,63.0,63.0,0.0,No stadium influence
E05000405,Chessington South,16966,7.673513198385006,1.0,7.673513198385006,71.0,71.0,0.0,No stadium influence
E05000406,Coombe Hill,19185,9.106150036851707,1.0,9.106150036851707,84.0,84.0,0.0,No stadium influence
E05000407,Coombe Vale,15125,9.241257030082645,1.0,9.241257030082645,85.0,85.0,0.0,No stadium influence
E05000408,Grove,11186,13.402842588056497,1.0,13.402842588056497,123.0,123.0,0.0,No stadium influence
E05000409,Norbiton,14552,8.570002276979109,1.0,8.570002276979109,79.0,79.0,0.0,No stadium influence
E05000410,Old Malden,18251,8.157553101802641,1.0,8.157553101802641,75.0,75.0,0.0,No stadium influence
E05000411,St James,14590,8.998264058670323,1.0,8.998264058670323,83.0,83.0,0.0,No stadium influence
E05000412,St Mark's,21040,8.246712435636882,1.0,8.246712435636882,76.0,76.0,0.0,No stadium influence
E05000413,Surbiton Hill,13265,8.265923141055408,1.0,8.265923141055408,76.0,76.0,0.0,No stadium influence
E05000414,Tolworth and Hook Rise,14547,8.2924598437616,1.0,8.2924598437616,76.0,76.0,0.0,No stadium influence
E05000415,Tudor,19446,8.162143546559705,1.0,8.162143546559705,75.0,75.0,0.0,No stadium influence
E05000416,Bishop's,14185,16.689504436587946,1.0,16.689504436587946,154.0,154.0,0.0,No stadium influence
E05000417,Brixton Hill,21448,11.76392216320869,1.0,11.76392216320869,108.0,108.0,0.0,No stadium influence
E05000418,Clapham Common,23899,11.30852733658312,1.0,11.30852733658312,104.0,104.0,0.0,No stadium influence
E05000419,Clapham Town,26825,12.425637130937558,1.0,12.425637130937558,114.0,114.0,0.0,No stadium influence
E05000420,Coldharbour,30148,12.015752741024281,1.0,12.015752741024281,111.0,111.0,0.0,No stadium influence
E05000421,Ferndale,27747,13.359925066836054,1.0,13.359925066836054,123.0,123.0,0.0,No stadium influence
E05000422,Gipsy Hill,18427,8.287132815824604,1.0,8.287132815824604,76.0,76.0,0.0,No stadium influence
E05000423,Herne Hill,24957,12.767900073205913,1.0,12.767900073205913,117.0,117.0,0.0,No stadium influence
E05000424,Knight's Hill,22414,8.379203448804319,1.0,8.379203448804319,77.0,77.0,0.0,No stadium influence
E05000425,Larkhall,29019,11.048461440056514,1.0,11.048461440056514,102.0,102.0,0.0,No stadium influence
E05000426,Oval,23419,11.110731919356079,1.0,11.110731919356079,102.0,102.0,0.0,No stadium influence
E05000427,Prince's,22492,9.36618827809888,1.0,9.36618827809888,86.0,86.0,0.0,No stadium influence
E05000428,St Leonard's,19829,13.56788170011095,1.0,13.56788170011095,125.0,125.0,0.0,No stadium influence
E05000429,Stockwell,22714,10.421209275512899,1.0,10.421209275512899,96.0,96.0,0.0,No stadium influence
E05000430,Streatham Hill,27761,12.172011135809228,1.0,12.172011135809228,112.0,112.0,0.0,No stadium influence
E05000431,Streatham South,25483,8.413360683887298,1.0,8.413360683887298,77.0,77.0,0.0,No stadium influence
E05000432,Streatham Wells,26805,8.862046312217869,1.0,8.862046312217869,82.0,82.0,0.0,No stadium influence
E05000433,Thornton,23365,9.721316391696982,1.0,9.721316391696982,89.0,89.0,0.0,No stadium influence
E05000434,Thurlow Park,19990,10.236735072126063,1.0,10.236735072126063,94.0,94.0,0.0,No stadium influence
E05000435,Tulse Hill,28716,8.628379459583508,1.0,8.628379459583508,79.0,79.0,0.0,No stadium influence
E05000436,Vassall,26884,10.150248804820711,1.0,10.150248804820711,93.0,93.0,0.0,No stadium influence
E05000437,Bellingham,27155,10.363529781145278,1.0,10.363529781145278,95.0,95.0,0.0,No stadium influence
E05000438,Blackheath,25534,10.076952512512728,1.0,10.076952512512728,93.0,93.0,0.0,No stadium influence
E05000439,Brockley,29216,12.447874880921413,1.0,12.447874880921413,115.0,115.0,0.0,No stadium influence
E05000440,Catford South,32924,9.42453057368485,1.0,9.42453057368485,87.0,87.0,0.0,No stadium influence
E05000441,Crofton Park,25036,9.527561977168876,1.0,9.527561977168876,88.0,88.0,0.0,No stadium influence
E05000442,Downham,33110,8.32215230126548,1.0,8.32215230126548,77.0,77.0,0.0,No stadium influence
E05000443,Evelyn,29526,11.870780404338548,1.0,11.870780404338548,109.0,109.0,0.0,No stadium influence
E05000444,Forest Hill,29185,10.361946739472332,1.0,10.361946739472332,95.0,95.0,0.0,No stadium influence
E05000445,Grove Park,21968,9.615264561744356,1.0,9.615264561744356,88.0,88.0,0.0,No stadium influence
E05000446,Ladywell,20172,10.690883414852271,1.0,10.690883414852271,98.0,98.0,0.0,No stadium influence
E05000447,Lee Green,28330,9.332622773508648,1.0,9.332622773508648,86.0,86.0,0.0,No stadium influence
E05000448,Lewisham Central,32131,11.767349727708444,1.0,11.767349727708444,108.0,108.0,0.0,No stadium influence
E05000449,New Cross,26132,14.385136283036125,1.0,14.385136283036125,132.0,132.0,0.0,No stadium influence
E05000450,Perry Vale,30996,9.504661765950447,1.0,9.504661765950447,87.0,87.0,0.0,No stadium influence
E05000451,Rushey Green,20391,13.462408801530085,1.0,13.462408801530085,124.0,124.0,0.0,No stadium influence
E05000452,Sydenham,31323,10.12282584488395,1.0,10.12282584488395,93.0,93.0,0.0,No stadium influence
E05000453,Telegraph Hill,24573,8.279206620103365,1.0,8.279206620103365,76.0,76.0,0.0,No stadium influence
E05000454,Whitefoot,27778,9.972823586269708,1.0,9.972823586269708,92.0,92.0,0.0,No stadium influence
E05000455,Abbey,16365,9.616900907363275,1.0,9.616900907363275,88.0,88.0,0.0,No stadium influence
E05000456,Cannon Hill,13129,7.951056283189885,1.0,7.951056283189885,73.0,73.0,0.0,No stadium influence
E05000457,Colliers Wood,12387,9.942457414264956,1.0,9.942457414264956,91.0,91.0,0.0,No stadium influence
E05000458,Cricket Green,17607,9.983890121633442,1.0,9.983890121633442,92.0,92.0,0.0,No stadium influence
E05000459,Dundonald,16712,8.148954540156774,1.0,8.148954540156774,75.0,75.0,0.0,No stadium influence
E05000460,Figge's Marsh,19464,8.650833603324086,1.0,8.650833603324086,80.0,80.0,0.0,No stadium influence
E05000461,Graveney,10911,8.891458430024745,1.0,8.891458430024745,82.0,82.0,0.0,No stadium influence
E05000462,Hillside,15399,8.542242439093448,1.0,8.542242439093448,79.0,79.0,0.0,No stadium influence
E05000463,Lavender Fields,23394,7.420042473129863,1.0,7.420042473129863,68.0,68.0,0.0,No stadium influence
E05000464,Longthornton,17402,7.588733097919779,1.0,7.588733097919779,70.0,70.0,0.0,No stadium influence
E05000465,Lower Morden,20106,7.986170211702975,1.0,7.986170211702975,73.0,73.0,0.0,No stadium influence
E05000466,Merton Park,17974,9.80226157357294,1.0,9.80226157357294,90.0,90.0,0.0,No stadium influence
E05000467,Pollards Hill,18283,7.009182900125799,1.0,7.009182900125799,64.0,64.0,0.0,No stadium influence
E05000468,Ravensbury,14545,9.526492178838089,1.0,9.526492178838089,88.0,88.0,0.0,No stadium influence
E05000469,Raynes Park,22340,8.329899081213071,1.0,8.329899081213071,77.0,77.0,0.0,No stadium influence
E05000470,St Helier,20881,9.4316225037594,1.0,9.4316225037594,87.0,87.0,0.0,No stadium influence
E05000471,Trinity,21711,8.369239112993412,1.0,8.369239112993412,77.0,77.0,0.0,No stadium influence
E05000472,Village,21006,12.636145494453967,1.0,12.636145494453967,116.0,116.0,0.0,No stadium influence
E05000473,West Barnes,21124,10.383212502224957,1.0,10.383212502224957,96.0,96.0,0.0,No stadium influence
E05000474,Wimbledon Park,16034,8.055757318610453,1.0,8.055757318610453,74.0,74.0,0.0,No stadium influence
E05000475,Beckton,24232,9.296328068979037,1.0,9.296328068979037,86.0,86.0,0.0,No stadium influence
E05000476,Boleyn,24986,9.172869674005442,1.0,9.172869674005442,84.0,84.0,0.0,No stadium influence
E05000477,Canning Town North,27723,11.22906421038127,1.0,11.22906421038127,103.0,103.0,0.0,No stadium influence
E05000478,Canning Town South,18060,9.511869447619048,1.0,9.511869447619048,88.0,88.0,0.0,No stadium influence
E05000479,Custom House,23536,9.728512365610129,1.0,9.728512365610129,90.0,90.0,0.0,No stadium influence
E05000480,East Ham Central,22249,10.600910871926828,1.0,10.600910871926828,98.0,98.0,0.0,No stadium influence
E05000481,East Ham North,17746,7.114153284819115,1.0,7.114153284819115,65.0,65.0,0.0,No stadium influence
E05000482,East Ham South,23786,9.044213041259564,1.0,9.044213041259564,83.0,83.0,0.0,No stadium influence
E05000483,Forest Gate North,26855,8.958513666334015,1.0,8.958513666334015,82.0,82.0,0.0,No stadium influence
E05000484,Forest Gate South,29090,10.493583939669989,1.0,10.493583939669989,97.0,97.0,0.0,No stadium influence
E05000485,Green Street East,21523,8.322121908293454,1.0,8.322121908293454,77.0,77.0,0.0,No stadium influence
E05000486,Green Street West,24458,9.460060149415323,1.0,9.460060149415323,87.0,87.0,0.0,No stadium influence
E05000487,Little Ilford,27621,9.547741151207415,1.0,9.547741151207415,88.0,88.0,0.0,No stadium influence
E05000488,Manor Park,21900,8.699034120525114,1.0,8.699034120525114,80.0,80.0,0.0,No stadium influence
E05000489,Plaistow North,33795,8.716368497899097,1.0,8.716368497899097,80.0,80.0,0.0,No stadium influence
E05000490,Plaistow South,18575,9.611510889087482,1.0,9.611510889087482,88.0,88.0,0.0,No stadium influence
E05000491,Royal Docks,12401,10.4602298041287,1.0,10.4602298041287,96.0,96.0,0.0,No stadium influence
E05000492,Stratford and New Town,19832,12.286832693576038,1.0,12.286832693576038,113.0,113.0,0.0,No stadium influence
E05000493,Wall End,24288,7.509045540851449,1.0,7.509045540851449,69.0,69.0,0.0,No stadium influence
E05000494,West Ham,21511,8.958006301938543,1.0,8.958006301938543,82.0,82.0,0.0,No stadium influence
E05000516,Barnes,17787,11.343002677640975,1.0,11.343002677640975,104.0,104.0,0.0,No stadium influence
E05000517,East Sheen,14395,12.14446555498437,1.0,12.14446555498437,112.0,112.0,0.0,No stadium influence
E05000518,Fulwell and Hampton Hill,12796,9.45094001151141,1.0,9.45094001151141,87.0,87.0,0.0,No stadium influence
E05000519,"Ham, Petersham and Richmond Riverside",18408,9.295047271077792,1.0,9.295047271077792,86.0,86.0,0.0,No stadium influence
E05000520,Hampton,16612,10.052682787653504,1.0,10.052682787653504,92.0,92.0,0.0,No stadium influence
E05000521,Hampton North,16848,9.374860842770655,1.0,9.374860842770655,86.0,86.0,0.0,No stadium influence
E05000522,Hampton Wick,19825,9.353091629104666,1.0,9.353091629104666,86.0,86.0,0.0,No stadium influence
E05000523,Heathfield,13405,8.412155334143975,1.0,8.412155334143975,77.0,77.0,0.0,No stadium influence
E05000524,Kew,24412,10.848400457643782,1.0,10.848400457643782,100.0,100.0,0.0,No stadium influence
E05000525,Mortlake and Barnes Common,22877,11.093751505879268,1.0,11.093751505879268,102.0,102.0,0.0,No stadium influence
E05000526,North Richmond,20409,9.196463427473173,1.0,9.196463427473173,85.0,85.0,0.0,No stadium influence
E05000527,St Margarets and North Twickenham,21094,9.785922500948137,1.0,9.785922500948137,90.0,90.0,0.0,No stadium influence
E05000528,South Richmond,21863,15.221053174866212,1.0,15.221053174866212,140.0,140.0,0.0,No stadium influence
E05000529,South Twickenham,20613,8.787499068990444,1.0,8.787499068990444,81.0,81.0,0.0,No stadium influence
E05000530,Teddington,22306,9.900314848381601,1.0,9.900314848381601,91.0,91.0,0.0,No stadium influence
E05000531,Twickenham Riverside,16507,10.999494795723027,1.0,10.999494795723027,101.0,101.0,0.0,No stadium influence
E05000532,West Twickenham,20451,8.3217374113393,1.0,8.3217374113393,77.0,77.0,0.0,No stadium influence
E05000533,Whitton,18212,9.941264919421261,1.0,9.941264919421261,91.0,91.0,0.0,No stadium influence
E05000555,Beddington North,19286,8.718634122161152,1.0,8.718634122161152,80.0,80.0,0.0,No stadium influence
E05000556,Beddington South,22304,8.650039648390424,1.0,8.650039648390424,80.0,80.0,0.0,No stadium influence
E05000557,Belmont,16698,8.96593562121212,1.0,8.96593562121212,82.0,82.0,0.0,No stadium influence
E05000558,Carshalton Central,25590,8.510414127659242,1.0,8.510414127659242,78.0,78.0,0.0,No stadium influence
E05000559,Carshalton South and Clockhouse,21686,8.325082258369456,1.0,8.325082258369456,77.0,77.0,0.0,No stadium influence
E05000560,Cheam,19059,8.883588394695419,1.0,8.883588394695419,82.0,82.0,0.0,No stadium influence
E05000561,Nonsuch,17171,9.214531838640731,1.0,9.214531838640731,85.0,85.0,0.0,No stadium influence
E05000562,St Helier,22599,7.754469994278509,1.0,7.754469994278509,71.0,71.0,0.0,No stadium influence
E05000563,Stonecot,19229,9.01641611402569,1.0,9.01641611402569,83.0,83.0,0.0,No stadium influence
E05000564,Sutton Central,23659,7.314374102007692,1.0,7.314374102007692,67.0,67.0,0.0,No stadium influence
E05000565,Sutton North,16038,7.444903102144906,1.0,7.444903102144906,68.0,68.0,0.0,No stadium influence
E05000566,Sutton South,14466,9.085406133554542,1.0,9.085406133554542,84.0,84.0,0.0,No stadium influence
E05000567,Sutton West,20157,8.180840173190454,1.0,8.180840173190454,75.0,75.0,0.0,No stadium influence
E05000568,The Wrythe,18617,8.824557097609711,1.0,8.824557097609711,81.0,81.0,0.0,No stadium influence
E05000569,Wallington North,17176,8.125081437703773,1.0,8.125081437703773,75.0,75.0,0.0,No stadium influence
E05000570,Wallington South,18352,10.597096762696163,1.0,10.597096762696163,98.0,98.0,0.0,No stadium influence
E05000571,Wandle Valley,16854,7.196300065782603,1.0,7.196300065782603,66.0,66.0,0.0,No stadium influence
E05000572,Worcester Park,21601,7.803895265209944,1.0,7.803895265209944,72.0,72.0,0.0,No stadium influence
E05000590,Cann Hall,19327,8.699150883944741,1.0,8.699150883944741,80.0,80.0,0.0,No stadium influence
E05000591,Cathall,19933,9.931498951462398,1.0,9.931498951462398,91.0,91.0,0.0,No stadium influence
E05000592,Chapel End,15753,9.097155618745635,1.0,9.097155618745635,84.0,84.0,0.0,No stadium influence
E05000593,Chingford Green,17271,9.768272504776792,1.0,9.768272504776792,90.0,90.0,0.0,No stadium influence
E05000594,Endlebury,14542,8.888141295984047,1.0,8.888141295984047,82.0,82.0,0.0,No stadium influence
E05000595,Forest,20555,9.272233978715642,1.0,9.272233978715642,85.0,85.0,0.0,No stadium influence
E05000596,Grove Green,24272,9.759879290140903,1.0,9.759879290140903,90.0,90.0,0.0,No stadium influence
E05000597,Hale End and Highams Park,19555,8.38563511945794,1.0,8.38563511945794,77.0,77.0,0.0,No stadium influence
E05000598,Hatch Lane,21541,8.072373601160578,1.0,8.072373601160578,74.0,74.0,0.0,No stadium influence
E05000599,High Street,17371,11.84590269984457,1.0,11.84590269984457,109.0,109.0,0.0,No stadium influence
E05000600,Higham Hill,18363,9.241780800223275,1.0,9.241780800223275,85.0,85.0,0.0,No stadium influence
E05000601,Hoe Street,15946,11.97976950727455,1.0,11.97976950727455,110.0,110.0,0.0,No stadium influence
E05000602,Larkswood,20302,9.685802612269727,1.0,9.685802612269727,89.0,89.0,0.0,No stadium influence
E05000603,Lea Bridge,25080,10.344538489772727,1.0,10.344538489772727,95.0,95.0,0.0,No stadium influence
E05000604,Leyton,14952,12.846707483614233,1.0,12.846707483614233,118.0,118.0,0.0,No stadium influence
E05000605,Leytonstone,24603,11.098326100475552,1.0,11.098326100475552,102.0,102.0,0.0,No stadium influence
E05000606,Markhouse,21004,11.561080146733955,1.0,11.561080146733955,106.0,106.0,0.0,No stadium influence
E05000607,Valley,23950,10.234744236789144,1.0,10.234744236789144,94.0,94.0,0.0,No stadium influence
E05000608,William Morris,15377,11.598273936138389,1.0,11.598273936138389,107.0,107.0,0.0,No stadium influence
E05000609,Wood Street,23679,9.451868962371721,1.0,9.451868962371721,87.0,87.0,0.0,No stadium influence
E05000610,Balham,36505,12.982548518449528,1.0,12.982548518449528,119.0,119.0,0.0,No stadium influence
E05000611,Bedford,28398,9.72428521226847,1.0,9.72428521226847,89.0,89.0,0.0,No stadium influence
E05000612,Earlsfield,28226,9.489275262265288,1.0,9.489275262265288,87.0,87.0,0.0,No stadium influence
E05000613,East Putney,30480,11.06684622492782,1.0,11.06684622492782,102.0,102.0,0.0,No stadium influence
E05000614,Fairfield,19742,10.463725684839428,1.0,10.463725684839428,96.0,96.0,0.0,No stadium influence
E05000615,Furzedown,31223,8.81418727910835,1.0,8.81418727910835,81.0,81.0,0.0,No stadium influence
E05000616,Graveney,23970,9.59214142784731,1.0,9.59214142784731,88.0,88.0,0.0,No stadium influence
E05000617,Latchmere,19932,11.247203505719447,1.0,11.247203505719447,103.0,103.0,0.0,No stadium influence
E05000618,Nightingale,30048,10.788416143337326,1.0,10.788416143337326,99.0,99.0,0.0,No stadium influence
E05000619,Northcote,26922,12.006427005281926,1.0,12.006427005281926,110.0,110.0,0.0,No stadium influence
E05000620,Queenstown,26836,12.648092691384706,1.0,12.648092691384706,116.0,116.0,0.0,No stadium influence
E05000621,Roehampton and Putney Heath,28256,10.351814021181342,1.0,10.351814021181342,95.0,95.0,0.0,No stadium influence
E05000622,St Mary's Park,23850,9.621789846909854,1.0,9.621789846909854,89.0,89.0,0.0,No stadium influence
E05000623,Shaftesbury,23255,10.110221318073531,1.0,10.110221318073531,93.0,93.0,0.0,No stadium influence
E05000624,Southfields,25286,8.745177816345013,1.0,8.745177816345013,80.0,80.0,0.0,No stadium influence
E05000625,Thamesfield,23435,12.640888903605719,1.0,12.640888903605719,116.0,116.0,0.0,No stadium influence
E05000626,Tooting,32233,10.044966346353117,1.0,10.044966346353117,92.0,92.0,0.0,No stadium influence
E05000627,Wandsworth Common,24734,10.205513883156788,1.0,10.205513883156788,94.0,94.0,0.0,No stadium influence
E05000628,West Hill,30113,9.199487043891343,1.0,9.199487043891343,85.0,85.0,0.0,No stadium influence
E05000629,West Putney,21620,10.687927302728955,1.0,10.687927302728955,98.0,98.0,0.0,No stadium influence
E05000630,Abbey Road,20913,10.491388192932627,1.0,10.491388192932627,97.0,97.0,0.0,No stadium influence
E05000631,Bayswater,12779,18.22887012950935,1.0,18.22887012950935,168.0,168.0,0.0,No stadium influence
E05000632,Bryanston and Dorset Square,28547,23.773165222755456,1.0,23.773165222755456,219.0,219.0,0.0,No stadium influence
E05000633,Churchill,13932,7.60597591904967,1.0,7.60597591904967,70.0,70.0,0.0,No stadium influence
E05000634,Church Street,16836,12.295666370159184,1.0,12.295666370159184,113.0,113.0,0.0,No stadium influence
E05000635,Harrow Road,21766,12.441093534273637,1.0,12.441093534273637,114.0,114.0,0.0,No stadium influence
E05000636,Hyde Park,23833,20.058048468593967,1.0,20.058048468593967,185.0,185.0,0.0,No stadium influence
E05000637,Knightsbridge and Belgravia,12266,12.816171212457201,1.0,12.816171212457201,118.0,118.0,0.0,No stadium influence
E05000638,Lancaster Gate,24918,20.87790311678305,1.0,20.87790311678305,192.0,192.0,0.0,No stadium influence
E05000639,Little Venice,6954,11.792172158973253,1.0,11.792172158973253,108.0,108.0,0.0,No stadium influence
E05000640,Maida Vale,14777,7.505206247932597,1.0,7.505206247932597,69.0,69.0,0.0,No stadium influence
E05000641,Marylebone High Street,20961,31.871742295167216,1.0,31.871742295167216,293.0,293.0,0.0,No stadium influence
E05000642,Queen's Park,17030,12.582620182384028,1.0,12.582620182384028,116.0,116.0,0.0,No stadium influence
E05000643,Regent's Park,19542,9.296835116876471,1.0,9.296835116876471,86.0,86.0,0.0,No stadium influence
E05000644,St James's,16203,55.0066010160464,1.0,55.0066010160464,506.0,506.0,0.0,No stadium influence
E05000645,Tachbrook,13880,8.200093297226225,1.0,8.200093297226225,75.0,75.0,0.0,No stadium influence
E05000646,Vincent Square,14326,10.894129487791428,1.0,10.894129487791428,100.0,100.0,0.0,No stadium influence
E05000647,Warwick,16436,18.92206075170358,1.0,18.92206075170358,174.0,174.0,0.0,No stadium influence
E05000648,Westbourne,21880,12.131488193427789,1.0,12.131488193427789,112.0,112.0,0.0,No stadium influence
E05000649,West End,16287,61.24953066470191,1.0,61.24953066470191,564.0,564.0,0.0,No stadium influence
E05009288,Aldersgate,2543,8.456901,1.0,8.456901,78.0,78.0,0.0,No stadium influence
E05009302,Cripplegate,9524,8.526445133935322,1.0,8.526445133935322,78.0,78.0,0.0,No stadium influence
E05009304,Farringdon Within,3629,55.48779300000001,1.0,55.48779300000001,511.0,511.0,0.0,No stadium influence
E05009308,Portsoken,2813,26.784925,1.0,26.784925,246.0,246.0,0.0,No stadium influence
E05009311,Vintry,4399,100.0,1.0,100.0,920.0,920.0,0.0,No stadium influence
E05009317,Bethnal Green,31590,11.785784292592592,1.0,11.785784292592592,108.0,108.0,0.0,No stadium influence
E05009318,Blackwall & Cubitt Town,22393,7.75927434238378,1.0,7.75927434238378,71.0,71.0,0.0,No stadium influence
E05009319,Bow East,15257,15.488188491708726,1.0,15.488188491708726,143.0,143.0,0.0,No stadium influence
E05009320,Bow West,23331,13.62672332930436,1.0,13.62672332930436,125.0,125.0,0.0,No stadium influence
E05009321,Bromley North,13688,10.0499857257744,1.0,10.0499857257744,92.0,92.0,0.0,No stadium influence
E05009322,Bromley South,12677,11.241414822118799,1.0,11.241414822118799,103.0,103.0,0.0,No stadium influence
E05009323,Canary Wharf,20482,11.908602165022948,1.0,11.908602165022948,110.0,110.0,0.0,No stadium influence
E05009324,Island Gardens,23624,8.609399590480022,1.0,8.609399590480022,79.0,79.0,0.0,No stadium influence
E05009325,Lansbury,22309,12.813717419436102,1.0,12.813717419436102,118.0,118.0,0.0,No stadium influence
E05009326,Limehouse,9800,11.88690354489796,1.0,11.88690354489796,109.0,109.0,0.0,No stadium influence
E05009327,Mile End,12611,14.113592159701849,1.0,14.113592159701849,130.0,130.0,0.0,No stadium influence
E05009328,Poplar,10604,10.29142498340249,1.0,10.29142498340249,95.0,95.0,0.0,No stadium influence
E05009329,St Dunstan's,7829,14.648544693319709,1.0,14.648544693319709,135.0,135.0,0.0,No stadium influence
E05009330,St Katharine's & Wapping,17094,15.732586164092664,1.0,15.732586164092664,145.0,145.0,0.0,No stadium influence
E05009331,St Peter's,30997,15.465389477465562,1.0,15.465389477465562,142.0,142.0,0.0,No stadium influence
E05009332,Shadwell,23991,9.26714494012338,1.0,9.26714494012338,85.0,85.0,0.0,No stadium influence
E05009333,Spitalfields & Banglatown,19944,22.785171481448053,1.0,22.785171481448053,210.0,210.0,0.0,No stadium influence
E05009334,Stepney Green,23704,10.133183095287714,1.0,10.133183095287714,93.0,93.0,0.0,No stadium influence
E05009335,Weavers,16483,12.797102973396832,1.0,12.797102973396832,118.0,118.0,0.0,No stadium influence
E05009336,Whitechapel,17884,12.7714359184187,1.0,12.7714359184187,118.0,118.0,0.0,No stadium influence
E05009367,Brownswood,18602,9.772910789162456,1.0,9.772910789162456,90.0,90.0,0.0,No stadium influence
E05009368,Cazenove,20075,9.637379110814447,1.0,9.637379110814447,89.0,89.0,0.0,No stadium influence
E05009369,Clissold,26482,11.394848317627067,1.0,11.394848317627067,105.0,105.0,0.0,No stadium influence
E05009370,Dalston,10988,15.049062414588644,1.0,15.049062414588644,138.0,138.0,0.0,No stadium influence
E05009371,De Beauvoir,13540,14.751202167946825,1.0,14.751202167946825,136.0,136.0,0.0,No stadium influence
E05009372,Hackney Central,20984,11.219719626563096,1.0,11.219719626563096,103.0,103.0,0.0,No stadium influence
E05009373,Hackney Downs,22860,11.963958518678915,1.0,11.963958518678915,110.0,110.0,0.0,No stadium influence
E05009374,Hackney Wick,17618,14.273138879441479,1.0,14.273138879441479,131.0,131.0,0.0,No stadium influence
E05009375,Haggerston,19908,12.06446441804802,1.0,12.06446441804802,111.0,111.0,0.0,No stadium influence
E05009376,Homerton,12521,14.878387130500757,1.0,14.878387130500757,137.0,137.0,0.0,No stadium influence
E05009377,Hoxton East & Shoreditch,15591,38.61581892976717,1.0,38.61581892976717,355.0,355.0,0.0,No stadium influence
E05009378,Hoxton West,9333,12.381904045858782,1.0,12.381904045858782,114.0,114.0,0.0,No stadium influence
E05009379,King's Park,23355,9.575918874874759,1.0,9.575918874874759,88.0,88.0,0.0,No stadium influence
E05009380,Lea Bridge,33759,11.692387629654315,1.0,11.692387629654315,108.0,108.0,0.0,No stadium influence
E05009381,London Fields,13784,20.44995336919617,1.0,20.44995336919617,188.0,188.0,0.0,No stadium influence
E05009382,Shacklewell,12624,13.83637693204214,1.0,13.83637693204214,127.0,127.0,0.0,No stadium influence
E05009383,Springfield,33945,9.92290992804242,1.0,9.92290992804242,91.0,91.0,0.0,No stadium influence
E05009384,Stamford Hill West,14247,9.124316723871692,1.0,9.124316723871692,84.0,84.0,0.0,No stadium influence
E05009385,Stoke Newington,24732,12.106777451115963,1.0,12.106777451115963,111.0,111.0,0.0,No stadium influence
E05009386,Victoria,23570,12.85710869221468,1.0,12.85710869221468,118.0,118.0,0.0,No stadium influence
E05009387,Woodberry Down,13877,10.176297081285579,1.0,10.176297081285579,94.0,94.0,0.0,No stadium influence
E05009388,Abingdon,14155,11.012070664146943,1.0,11.012070664146943,101.0,101.0,0.0,No stadium influence
E05009389,Brompton & Hans Town,20055,15.114045648536525,1.0,15.114045648536525,139.0,139.0,0.0,No stadium influence
E05009390,Campden,11298,12.581821327137547,1.0,12.581821327137547,116.0,116.0,0.0,No stadium influence
E05009391,Chelsea Riverside,18305,9.783583480852226,1.0,9.783583480852226,90.0,90.0,0.0,No stadium influence
E05009392,Colville,17894,12.725256314239411,1.0,12.725256314239411,117.0,117.0,0.0,No stadium influence
E05009393,Courtfield,9653,12.001144261369522,1.0,12.001144261369522,110.0,110.0,0.0,No stadium influence
E05009394,Dalgarno,17672,8.77870205786555,1.0,8.77870205786555,81.0,81.0,0.0,No stadium influence
E05009395,Earl's Court,19565,11.474291054229491,1.0,11.474291054229491,106.0,106.0,0.0,No stadium influence
E05009396,Golborne,14796,12.104989948702352,1.0,12.104989948702352,111.0,111.0,0.0,No stadium influence
E05009397,Holland,15723,11.47772284137887,1.0,11.47772284137887,106.0,106.0,0.0,No stadium influence
E05009398,Norland,15452,12.141969343385968,1.0,12.141969343385968,112.0,112.0,0.0,No stadium influence
E05009399,Notting Dale,20341,9.977204748586598,1.0,9.977204748586598,92.0,92.0,0.0,No stadium influence
E05009400,Pembridge,15166,14.36681592832652,1.0,14.36681592832652,132.0,132.0,0.0,No stadium influence
E05009401,Queen's Gate,21827,9.711512622852432,1.0,9.711512622852432,89.0,89.0,0.0,No stadium influence
E05009402,Redcliffe,18438,11.984795707560473,1.0,11.984795707560473,110.0,110.0,0.0,No stadium influence
E05009403,Royal Hospital,28491,11.715746286265837,1.0,11.715746286265837,108.0,108.0,0.0,No stadium influence
E05009404,St. Helen's,8817,10.878334858908925,1.0,10.878334858908925,100.0,100.0,0.0,No stadium influence
E05009405,Stanley,24136,11.744398000787205,1.0,11.744398000787205,108.0,108.0,0.0,No stadium influence
E05011095,Borough & Bankside,15643,26.740954308892153,1.0,26.740954308892153,246.0,246.0,0.0,No stadium influence
E05011096,Camberwell Green,30630,10.844200579986941,1.0,10.844200579986941,100.0,100.0,0.0,No stadium influence
E05011097,Champion Hill,24329,9.785844566776275,1.0,9.785844566776275,90.0,90.0,0.0,No stadium influence
E05011098,Chaucer,18410,13.734474708392177,1.0,13.734474708392177,126.0,126.0,0.0,No stadium influence
E05011099,Dulwich Hill,13180,9.985703701289832,1.0,9.985703701289832,92.0,92.0,0.0,No stadium influence
E05011100,Dulwich Village,16755,12.148370313458669,1.0,12.148370313458669,112.0,112.0,0.0,No stadium influence
E05011101,Dulwich Wood,17204,10.93303949343176,1.0,10.93303949343176,101.0,101.0,0.0,No stadium influence
E05011102,Faraday,15081,12.995207742855246,1.0,12.995207742855246,120.0,120.0,0.0,No stadium influence
E05011103,Goose Green,26629,10.911862208306733,1.0,10.911862208306733,100.0,100.0,0.0,No stadium influence
E05011104,London Bridge & West Bermondsey,17972,18.949812432116623,1.0,18.949812432116623,174.0,174.0,0.0,No stadium influence
E05011105,Newington,28481,9.00056521015765,1.0,9.00056521015765,83.0,83.0,0.0,No stadium influence
E05011106,North Bermondsey,26572,10.265429647655427,1.0,10.265429647655427,94.0,94.0,0.0,No stadium influence
E05011107,North Walworth,12436,10.61220222177549,1.0,10.61220222177549,98.0,98.0,0.0,No stadium influence
E05011108,Nunhead & Queen's Road,16363,9.173337507364174,1.0,9.173337507364174,84.0,84.0,0.0,No stadium influence
E05011109,Old Kent Road,24287,10.422106638028575,1.0,10.422106638028575,96.0,96.0,0.0,No stadium influence
E05011110,Peckham,23207,10.103735837247383,1.0,10.103735837247383,93.0,93.0,0.0,No stadium influence
E05011111,Peckham Rye,16178,8.339664135838794,1.0,8.339664135838794,77.0,77.0,0.0,No stadium influence
E05011112,Rotherhithe,28835,12.401667189283858,1.0,12.401667189283858,114.0,114.0,0.0,No stadium influence
E05011113,Rye Lane,28477,13.39594078449275,1.0,13.39594078449275,123.0,123.0,0.0,No stadium influence
E05011114,St George's,9852,11.292173764819326,1.0,11.292173764819326,104.0,104.0,0.0,No stadium influence
E05011115,St Giles,25177,12.469414979235017,1.0,12.469414979235017,115.0,115.0,0.0,No stadium influence
E05011116,South Bermondsey,29592,11.928790369174102,1.0,11.928790369174102,110.0,110.0,0.0,No stadium influence
E05011117,Surrey Docks,25149,11.444753706791522,1.0,11.444753706791522,105.0,105.0,0.0,No stadium influence
E05011217,Barnehurst,22215,7.308115899531848,1.0,7.308115899531848,67.0,67.0,0.0,No stadium influence
E05011218,Belvedere,29200,9.572256288643835,1.0,9.572256288643835,88.0,88.0,0.0,No stadium influence
E05011219,Bexleyheath,19275,8.877738339610895,1.0,8.877738339610895,82.0,82.0,0.0,No stadium influence
E05011220,Blackfen & Lamorbey,32461,7.489116685715166,1.0,7.489116685715166,69.0,69.0,0.0,No stadium influence
E05011221,Blendon & Penhill,33947,7.888580670165258,1.0,7.888580670165258,73.0,73.0,0.0,No stadium influence
E05011222,Crayford,22127,7.8458090497401365,1.0,7.8458090497401365,72.0,72.0,0.0,No stadium influence
E05011223,Crook Log,30707,8.468664827443254,1.0,8.468664827443254,78.0,78.0,0.0,No stadium influence
E05011224,East Wickham,33880,9.073959036322314,1.0,9.073959036322314,83.0,83.0,0.0,No stadium influence
E05011225,Erith,27416,10.279796592449665,1.0,10.279796592449665,95.0,95.0,0.0,No stadium influence
E05011226,Falconwood & Welling,27760,7.781821874279539,1.0,7.781821874279539,72.0,72.0,0.0,No stadium influence
E05011227,Longlands,14505,8.626006131568424,1.0,8.626006131568424,79.0,79.0,0.0,No stadium influence
E05011228,Northumberland Heath,14533,7.974909598988509,1.0,7.974909598988509,73.0,73.0,0.0,No stadium influence
E05011229,St Mary's & St James,16490,9.869669301879927,1.0,9.869669301879927,91.0,91.0,0.0,No stadium influence
E05011230,Sidcup,22097,8.76813480103634,1.0,8.76813480103634,81.0,81.0,0.0,No stadium influence
E05011231,Slade Green & Northend,17941,9.446821134685916,1.0,9.446821134685916,87.0,87.0,0.0,No stadium influence
E05011232,Thamesmead East,25577,9.138343720217382,1.0,9.138343720217382,84.0,84.0,0.0,No stadium influence
E05011233,West Heath,27979,8.011722205868686,1.0,8.011722205868686,74.0,74.0,0.0,No stadium influence
E05011234,Aldborough,24418,10.08937589708412,1.0,10.08937589708412,93.0,93.0,0.0,No stadium influence
E05011235,Barkingside,26873,9.695763903862613,1.0,9.695763903862613,89.0,89.0,0.0,No stadium influence
E05011236,Bridge,23728,10.013771495321983,1.0,10.013771495321983,92.0,92.0,0.0,No stadium influence
E05011237,Chadwell,27349,8.457203009210573,1.0,8.457203009210573,78.0,78.0,0.0,No stadium influence
E05011238,Churchfields,29121,9.886842266824628,1.0,9.886842266824628,91.0,91.0,0.0,No stadium influence
E05011239,Clayhall,28033,9.920441158456104,1.0,9.920441158456104,91.0,91.0,0.0,No stadium influence
E05011240,Clementswood,26705,10.965567240505525,1.0,10.965567240505525,101.0,101.0,0.0,No stadium influence
E05011241,Cranbrook,19303,9.448156042817178,1.0,9.448156042817178,87.0,87.0,0.0,No stadium influence
E05011242,Fairlop,21495,8.881227372542451,1.0,8.881227372542451,82.0,82.0,0.0,No stadium influence
E05011243,Fullwell,33928,9.631218306015679,1.0,9.631218306015679,89.0,89.0,0.0,No stadium influence
E05011244,Goodmayes,21208,8.661318632827234,1.0,8.661318632827234,80.0,80.0,0.0,No stadium influence
E05011245,Hainault,23804,8.825395409019492,1.0,8.825395409019492,81.0,81.0,0.0,No stadium influence
E05011246,Ilford Town,9805,18.00285348250892,1.0,18.00285348250892,166.0,166.0,0.0,No stadium influence
E05011247,Loxford,19738,7.720450448008917,1.0,7.720450448008917,71.0,71.0,0.0,No stadium influence
E05011248,Mayfield,16823,8.801140597931402,1.0,8.801140597931402,81.0,81.0,0.0,No stadium influence
E05011249,Monkhams,21282,9.088418428324406,1.0,9.088418428324406,84.0,84.0,0.0,No stadium influence
E05011250,Newbury,22508,9.927024718633374,1.0,9.927024718633374,91.0,91.0,0.0,No stadium influence
E05011251,Seven Kings,20034,9.559564644454428,1.0,9.559564644454428,88.0,88.0,0.0,No stadium influence
E05011252,South Woodford,16890,11.345447637152162,1.0,11.345447637152162,104.0,104.0,0.0,No stadium influence
E05011253,Valentines,21649,11.034072740519191,1.0,11.034072740519191,102.0,102.0,0.0,No stadium influence
E05011254,Wanstead Park,16474,8.642684811539395,1.0,8.642684811539395,80.0,80.0,0.0,No stadium influence
E05011255,Wanstead Village,25591,11.38915503903716,1.0,11.38915503903716,105.0,105.0,0.0,No stadium influence
E05011462,Addiscombe East,17202,9.928195893617021,1.0,9.928195893617021,91.0,91.0,0.0,No stadium influence
E05011463,Addiscombe West,30248,8.830446486865247,1.0,8.830446486865247,81.0,81.0,0.0,No stadium influence
E05011464,Bensham Manor,30844,7.845087355962262,1.0,7.845087355962262,72.0,72.0,0.0,No stadium influence
E05011465,Broad Green,22829,10.23838021693898,1.0,10.23838021693898,94.0,94.0,0.0,No stadium influence
E05011466,Coulsdon Town,21303,7.9709607091677235,1.0,7.9709607091677235,73.0,73.0,0.0,No stadium influence
E05011467,Crystal Palace & Upper Norwood,27200,10.086861617360293,1.0,10.086861617360293,93.0,93.0,0.0,No stadium influence
E05011468,Fairfield,3616,23.826664,1.0,23.826664,219.0,219.0,0.0,No stadium influence
E05011469,Kenley,17009,7.352617145799282,1.0,7.352617145799282,68.0,68.0,0.0,No stadium influence
E05011470,New Addington North,22523,6.692065518279092,1.0,6.692065518279092,62.0,62.0,0.0,No stadium influence
E05011471,New Addington South,19274,8.72510038608488,1.0,8.72510038608488,80.0,80.0,0.0,No stadium influence
E05011472,Norbury & Pollards Hill,20617,10.021449664800892,1.0,10.021449664800892,92.0,92.0,0.0,No stadium influence
E05011473,Norbury Park,13847,8.73403981938326,1.0,8.73403981938326,80.0,80.0,0.0,No stadium influence
E05011474,Old Coulsdon,15443,7.172896881460856,1.0,7.172896881460856,66.0,66.0,0.0,No stadium influence
E05011475,Park Hill & Whitgift,8953,9.797011475594774,1.0,9.797011475594774,90.0,90.0,0.0,No stadium influence
E05011476,Purley & Woodcote,29689,11.541433370015831,1.0,11.541433370015831,106.0,106.0,0.0,No stadium influence
E05011477,Purley Oaks & Riddlesdown,19822,8.70388302613258,1.0,8.70388302613258,80.0,80.0,0.0,No stadium influence
E05011478,Sanderstead,26559,7.665263535008848,1.0,7.665263535008848,71.0,71.0,0.0,No stadium influence
E05011479,Selhurst,19661,13.744446652713496,1.0,13.744446652713496,126.0,126.0,0.0,No stadium influence
E05011480,Selsdon & Addington Village,24615,7.7110922247410105,1.0,7.7110922247410105,71.0,71.0,0.0,No stadium influence
E05011481,Selsdon Vale & Forestdale,18343,9.000222103478167,1.0,9.000222103478167,83.0,83.0,0.0,No stadium influence
E05011482,Shirley North,27658,7.858278419932749,1.0,7.858278419932749,72.0,72.0,0.0,No stadium influence
E05011483,Shirley South,19704,7.978656462733455,1.0,7.978656462733455,73.0,73.0,0.0,No stadium influence
E05011484,South Croydon,32716,8.194113699492602,1.0,8.194113699492602,75.0,75.0,0.0,No stadium influence
E05011485,South Norwood,29371,9.520541210043922,1.0,9.520541210043922,88.0,88.0,0.0,No stadium influence
E05011486,Thornton Heath,32995,8.518615635065919,1.0,8.518615635065919,78.0,78.0,0.0,No stadium influence
E05011487,Waddon,22510,10.448432762487784,1.0,10.448432762487784,96.0,96.0,0.0,No stadium influence
E05011488,West Thornton,35064,10.54987626429101,1.0,10.54987626429101,97.0,97.0,0.0,No stadium influence
E05011489,Woodside,31034,8.352521616285365,1.0,8.352521616285365,77.0,77.0,0.0,No stadium influence
