WD21CD,WD21NM,base_weighted_risk,population,average_risk_score_2025,stadium_risk_factor,explanation,enhanced_weighted_risk,risk_proportion,allocated_hours,officers_needed,base_officers,officer_change
E05000026,Abbey,83883.246147,8279,9.657053083333333,1.0,No stadium influence,83883.246147,0.0013883266822100652,176.8728193135623,88,88,0
E05000027,Alibon,41204.3995643,4684,8.78119155,1.0,No stadium influence,41204.3995643,0.0006819617738602307,86.88192998979339,43,43,0
E05000028,Becontree,70695.7969664,8419,8.6132042,1.0,No stadium influence,70695.7969664,0.0011700651292936247,149.0662974720078,75,75,0
E05000029,Chadwell Heath,52891.5550776,5604,9.135802266666667,1.0,No stadium influence,52891.5550776,0.0008753924120811045,111.52499329913272,56,56,0
E05000030,Eastbrook,73964.0503156,8727,8.416920185714286,1.0,No stadium influence,73964.0503156,0.0012241570193590769,155.95760426634638,78,78,0
E05000031,Eastbury,56205.7027236,6777,8.3104958,1.0,No stadium influence,56205.7027236,0.0009302438850160253,118.51307095104163,59,59,0
E05000032,Gascoigne,45118.892728,4114,10.804488319999999,1.0,No stadium influence,45118.892728,0.0007467493870740758,95.13587191323725,48,48,0
E05000033,Goresbrook,75681.85215,7461,9.881657785714285,1.0,No stadium influence,75681.85215,0.0012525878470987138,159.57969172037613,80,80,0
E05000034,Heath,72122.340722,8023,8.773956266666668,1.0,No stadium influence,72122.340722,0.0011936754311144308,152.07424992397847,76,76,0
E05000035,Longbridge,61513.1356278,6525,9.685414216666667,1.0,No stadium influence,61513.1356278,0.0010180856299817338,129.7041092596729,65,65,0
E05000036,Mayesbrook,77348.626934,8448,9.02908925,1.0,No stadium influence,77348.626934,0.0012801741412891761,163.09418560024105,82,82,0
E05000037,Parsloes,73047.45193149999,8933,8.028030616666667,1.0,No stadium influence,73047.45193149999,0.001208986671858616,154.02490199478768,77,77,0
E05000038,River,77956.678463,7932,9.930306857142856,1.0,No stadium influence,77956.678463,0.00129023782147139,164.37629845545507,82,82,0
E05000039,Thames,61344.778219,5450,10.859535,1.0,No stadium influence,61344.778219,0.0010152991965338056,129.34911763840682,65,65,0
E05000040,Valence,65031.706283299995,6949,9.033423716666666,1.0,No stadium influence,65031.706283299995,0.0010763204474053642,137.1232249994434,69,69,0
E05000041,Village,59371.3596935,5661,10.228477583333333,1.0,No stadium influence,59371.3596935,0.0009826377328928057,125.18804717054344,63,63,0
E05000042,Whalebone,52553.3147497,4898,10.457181779999999,1.0,No stadium influence,52553.3147497,0.0008697942969175576,110.81179342729683,55,55,0
E05000043,Brunswick Park,139030.83164,14975,9.07870314,1.0,No stadium influence,139030.83164,0.0023010579833476143,293.15478707848604,147,147,0
E05000044,Burnt Oak,120105.469508,11774,10.082803555555556,1.0,No stadium influence,120105.469508,0.0019878299381155657,253.24953411592307,127,127,0
E05000045,Childs Hill,197899.486614,14261,15.670442166666668,1.0,No stadium influence,197899.486614,0.003275375599799865,417.2828514145028,209,209,0
E05000046,Colindale,76928.582559,6998,10.734218499999999,1.0,No stadium influence,76928.582559,0.0012732221116490403,162.20849702408773,81,81,0
E05000047,Coppetts,102262.0904286,11248,9.094847380000001,1.0,No stadium influence,102262.0904286,0.0016925094728905104,215.62570684625103,108,108,0
E05000048,East Barnet,116655.8656634,13824,8.561332539999999,1.0,No stadium influence,116655.8656634,0.0019307365698865888,245.9758390035514,123,123,0
E05000049,East Finchley,124404.8869416,12543,9.60978653,1.0,No stadium influence,124404.8869416,0.0020589883185454998,262.31511178269665,131,131,0
E05000050,Edgware,170720.2899435,15675,10.748546450000001,1.0,No stadium influence,170720.2899435,0.0028255407916360944,359.9738968544384,180,180,0
E05000051,Finchley Church End,128461.84877899999,10179,12.244342777777778,1.0,No stadium influence,128461.84877899999,0.0021261338884451192,270.8694573879082,135,135,0
E05000052,Garden Suburb,115708.373057,10730,10.4859767,1.0,No stadium influence,115708.373057,0.0019150549012926401,243.97799442468235,122,122,0
E05000053,Golders Green,244946.6673714,21915,11.510759190909091,1.0,No stadium influence,244946.6673714,0.004054039509083904,516.4846334572894,258,258,0
E05000054,Hale,135342.365968,13241,9.87415895,1.0,No stadium influence,135342.365968,0.0022400112839878923,285.37743758005746,143,143,0
E05000055,Hendon,130042.87972669999,10425,12.030756030000001,1.0,No stadium influence,130042.87972669999,0.0021523010618785983,274.20315528333344,137,137,0
E05000056,High Barnet,110626.6675662,11338,10.355297144444444,1.0,No stadium influence,110626.6675662,0.0018309491036742757,233.26291580810272,117,117,0
E05000057,Mill Hill,115315.514058,10860,11.258314333333333,1.0,No stadium influence,115315.514058,0.0019085528087329146,243.14962783257332,122,122,0
E05000058,Oakleigh,126936.28455099999,14621,9.13789871,1.0,No stadium influence,126936.28455099999,0.002100884728208211,267.6527143737261,134,134,0
E05000059,Totteridge,107979.288547,10810,10.265987169999999,1.0,No stadium influence,107979.288547,0.0017871331201602671,227.68075950841802,114,114,0
E05000060,Underhill,106196.7508485,10871,9.80484412,1.0,No stadium influence,106196.7508485,0.0017576308683692951,223.9221726302482,112,112,0
E05000061,West Finchley,128480.532691,13678,8.8633044,1.0,No stadium influence,128480.532691,0.0021264431203209602,270.90885352889035,135,135,0
E05000062,West Hendon,139387.3275586,12304,10.96450911,1.0,No stadium influence,139387.3275586,0.0023069582413684357,293.9064799503387,147,147,0
E05000063,Woodhouse,134846.65942450002,12462,10.55095095,1.0,No stadium influence,134846.65942450002,0.0022318069922789003,284.3322108163319,142,142,0
E05000085,Alperton,94388.7557901,8747,9.2940960125,1.0,No stadium influence,94388.7557901,0.0015622002507433032,199.02431194469682,100,100,0
E05000086,Barnhill,74588.3118784,8763,8.401046125,1.0,No stadium influence,74588.3118784,0.0012344889869941227,157.27389694305123,79,79,0
E05000087,Brondesbury Park,112869.7881643,10195,11.198725075,1.0,No stadium influence,112869.7881643,0.0018680743261805651,237.992669155404,119,119,0
E05000088,Dollis Hill,119252.817348,10444,11.28939075,1.0,No stadium influence,119252.817348,0.001973717945569431,251.45166626554553,126,126,0
E05000089,Dudden Hill,121349.00745399999,11502,10.136343444444444,1.0,No stadium influence,121349.00745399999,0.0020084113651593766,255.8716079213046,128,128,0
E05000090,Fryent,69734.3679461,9142,8.129947125,1.0,No stadium influence,69734.3679461,0.0011541528032542336,147.03906713458937,74,74,0
E05000091,Harlesden,96140.255607,9145,10.607520375,1.0,No stadium influence,96140.255607,0.001591188803778399,202.71745360136802,101,101,0
E05000092,Kensal Green,79146.7985322,7932,9.9383879875,1.0,No stadium influence,79146.7985322,0.0013099351451086815,166.885737486846,83,83,0
E05000093,Kenton,68974.88294909999,7994,8.444054557142858,1.0,No stadium influence,68974.88294909999,0.0011415827927395527,145.43764779501902,73,73,0
E05000094,Kilburn,129172.560963,8429,15.228130555555557,1.0,No stadium influence,129172.560963,0.002137896674624017,272.36803634709975,136,136,0
E05000095,Mapesbury,112523.55984999999,8987,12.344736555555556,1.0,No stadium influence,112523.55984999999,0.0018623440042276336,237.26262613860052,119,119,0
E05000096,Northwick Park,76501.2332575,9309,8.411506124999999,1.0,No stadium influence,76501.2332575,0.001266149180340963,161.30740557543868,81,81,0
E05000097,Preston,99796.2122405,10680,9.43889388888889,1.0,No stadium influence,99796.2122405,0.0016516974557015274,210.4262558563746,105,105,0
E05000098,Queens Park,123007.913319,10953,12.506696250000001,1.0,No stadium influence,123007.913319,0.0020358674232096126,259.36950971690464,130,130,0
E05000099,Queensbury,58425.150575,6405,9.616557428571427,1.0,No stadium influence,58425.150575,0.0009669773069257187,123.19290890233657,62,62,0
E05000100,Stonebridge,116363.4937732,11639,10.019932822222223,1.0,No stadium influence,116363.4937732,0.0019258976096062305,245.35935546383377,123,123,0
E05000101,Sudbury,102883.1646556,12360,8.5400787875,1.0,No stadium influence,102883.1646556,0.0017027886878778042,216.93527883563226,108,108,0
E05000102,Tokyngton,74620.331869,8148,9.0966364375,1.0,No stadium influence,74620.331869,0.0012350189403442374,157.34141299985586,79,79,0
E05000103,Welsh Harp,92829.169571,8815,10.606416875,1.0,No stadium influence,92829.169571,0.0015363880026408724,195.73583153644714,98,98,0
E05000104,Wembley Central,78054.83175350001,9334,8.317998666666668,1.0,No stadium influence,78054.83175350001,0.0012918623274175364,164.58326051299414,82,82,0
E05000105,Willesden Green,125640.526365,12132,10.538572975000001,1.0,No stadium influence,125640.526365,0.002079439019488697,264.92053108286,132,132,0
E05000106,Bickley,127693.0139834,14870,8.884314844444443,1.0,No stadium influence,127693.0139834,0.0021134091321919762,269.24832344125775,135,135,0
E05000107,Biggin Hill,44835.1453422,6928,6.2502131285714295,1.0,No stadium influence,44835.1453422,0.0007420531684033874,94.53757365459155,47,47,0
E05000108,Bromley Common and Keston,82710.6760235,9334,8.245697077777777,1.0,No stadium influence,82710.6760235,0.001368919822509326,174.40038538768812,87,87,0
E05000109,Bromley Town,91801.9912887,9186,9.907083211111111,1.0,No stadium influence,91801.9912887,0.0015193874801026205,193.56996496507386,97,97,0
E05000110,Chelsfield and Pratts Bottom,127428.3812471,15117,8.847226322222221,1.0,No stadium influence,127428.3812471,0.002109029274405503,268.6903295592611,134,134,0
E05000111,Chislehurst,113602.5240735,11014,9.99355555,1.0,No stadium influence,113602.5240735,0.0018802016204911966,239.53768645057843,120,120,0
E05000112,Clock House,116615.608118,12745,8.905712990909091,1.0,No stadium influence,116615.608118,0.0019300702792146571,245.8909535719473,123,123,0
E05000113,Copers Cope,118527.1064065,10551,10.740744722222223,1.0,No stadium influence,118527.1064065,0.0019617069194118285,249.92146153306695,125,125,0
E05000114,Cray Valley East,148911.20400599999,12225,11.393037,1.0,No stadium influence,148911.20400599999,0.0024645850905586335,313.9881405371699,157,157,0
E05000115,Cray Valley West,119253.9680764,12336,9.56675129090909,1.0,No stadium influence,119253.9680764,0.0019737369909332563,251.45409264489686,126,126,0
E05000116,Crystal Palace,80132.25021,8072,9.950794583333334,1.0,No stadium influence,80132.25021,0.0013262450630143483,168.96362102802797,84,84,0
E05000117,Darwin,41037.286298,4246,9.734951,1.0,No stadium influence,41037.286298,0.00067919593184514,86.52956171707083,43,43,0
E05000118,Farnborough and Crofton,74209.3619077,9172,8.080724266666667,1.0,No stadium influence,74209.3619077,0.0012282170986289112,156.47485836532329,78,78,0
E05000119,Hayes and Coney Hall,85842.9809154,11045,8.18526492,1.0,No stadium influence,85842.9809154,0.001420761670053246,181.00503676478354,91,91,0
E05000120,Kelsey and Eden Park,113293.5445373,12246,9.17858377,1.0,No stadium influence,113293.5445373,0.001875087791996629,238.88618470037053,119,119,0
E05000121,Mottingham and Chislehurst North,43366.317722399996,5224,8.183315485714285,1.0,No stadium influence,43366.317722399996,0.0007177430389102838,91.44046315717016,46,46,0
E05000122,Orpington,177590.6422442,17433,10.72232083,1.0,No stadium influence,177590.6422442,0.002939249951132972,374.4604437743406,187,187,0
E05000123,Penge and Cator,150872.5977855,16690,9.109943163636364,1.0,No stadium influence,150872.5977855,0.002497047536201578,318.12385611208106,159,159,0
E05000124,Petts Wood and Knoll,78482.0549592,9363,8.139842355555555,1.0,No stadium influence,78482.0549592,0.0012989331717514956,165.48408608114053,83,83,0
E05000125,Plaistow and Sundridge,114356.4007639,13338,8.64485416,1.0,No stadium influence,114356.4007639,0.001892678809589773,241.12728034173708,121,121,0
E05000126,Shortlands,56668.354033999996,6620,8.76099365,1.0,No stadium influence,56668.354033999996,0.0009379010893838934,119.48859878750802,60,60,0
E05000127,West Wickham,93013.9613584,11432,7.824991129999999,1.0,No stadium influence,93013.9613584,0.0015394464366057564,196.12547602357336,98,98,0
E05000128,Belsize,106668.5760993,10802,9.777191025,1.0,No stadium influence,106668.5760993,0.0017654399078988116,224.9170442663086,112,112,0
E05000129,Bloomsbury,121288.032654,4626,29.165205125,1.0,No stadium influence,121288.032654,0.0020074021893624113,255.7430389247712,128,128,0
E05000130,Camden Town with Primrose Hill,266634.566395,14867,16.4778190625,1.0,No stadium influence,266634.566395,0.004412989481558454,562.214859950547,281,281,0
E05000131,Cantelowes,39106.1470118,3935,10.14508448,1.0,No stadium influence,39106.1470118,0.0006472342193310917,82.45763954278108,41,41,0
E05000132,Fortune Green,89550.884993,8557,11.004907571428571,1.0,No stadium influence,89550.884993,0.0014821300886881951,188.82337329887605,94,94,0
E05000133,Frognal and Fitzjohns,113179.6597255,9402,12.1220451875,1.0,No stadium influence,113179.6597255,0.0018732029183158544,238.64605179343985,119,119,0
E05000134,Gospel Oak,94362.706214,9797,9.873722571428573,1.0,No stadium influence,94362.706214,0.0015617691119495503,198.9693848623727,99,99,0
E05000135,Hampstead Town,89478.093003,8715,10.30421157142857,1.0,No stadium influence,89478.093003,0.0014809253300908578,188.66988705357528,94,94,0
E05000136,Haverstock,87601.58058400001,9852,9.410973,1.0,No stadium influence,87601.58058400001,0.001449867730624204,184.71314888152358,92,92,0
E05000137,Highgate,92985.230121,8646,10.44812157142857,1.0,No stadium influence,92985.230121,0.0015389709144326463,196.06489449871916,98,98,0
E05000138,Holborn and Covent Garden,555026.3683959,12553,32.91712751428572,1.0,No stadium influence,555026.3683959,0.00918607650476268,1170.3061467067653,585,585,0
E05000139,Kentish Town,138180.33290819998,12775,11.113738425,1.0,No stadium influence,138180.33290819998,0.0022869816315517558,291.3614598596937,146,146,0
E05000140,Kilburn,175396.56159599999,11613,15.31495657142857,1.0,No stadium influence,175396.56159599999,0.0029029363742659213,369.8340940814784,185,185,0
E05000141,King's Cross,84422.286502,7242,11.383630166666668,1.0,No stadium influence,84422.286502,0.0013972481789571395,178.00941799913957,89,89,0
E05000142,Regent's Park,79841.591139,8067,10.760766083333332,1.0,No stadium influence,79841.591139,0.001321434451095628,168.35074906958303,84,84,0
E05000143,St Pancras and Somers Town,118218.742237,11357,10.3658512,1.0,No stadium influence,118218.742237,0.001956603275668665,249.2712573201879,125,125,0
E05000144,Swiss Cottage,102076.8601905,9249,11.1645328125,1.0,No stadium influence,102076.8601905,0.0016894437822583704,215.2351378597164,108,108,0
E05000145,West Hampstead,129594.81298080001,8947,13.5904551,1.0,No stadium influence,129594.81298080001,0.0021448852423041646,273.2583798695506,137,137,0
E05000170,Acton Central,80317.05633729999,7824,10.372811122222222,1.0,No stadium influence,80317.05633729999,0.0013293037343146562,169.3532957516872,85,85,0
E05000171,Cleveland,133261.30419619998,15497,8.611327733333333,1.0,No stadium influence,133261.30419619998,0.0022055682489621115,280.989394917773,140,140,0
E05000172,Dormers Wells,119967.9524084,14425,8.1326506375,1.0,No stadium influence,119967.9524084,0.0019855539334614277,252.9595711229859,126,126,0
E05000173,Ealing Broadway,56554.7571759,5654,9.548783033333335,1.0,No stadium influence,56554.7571759,0.0009360209815392461,119.24907304809996,60,60,0
E05000174,Ealing Common,100214.4769035,10399,9.69973048888889,1.0,No stadium influence,100214.4769035,0.0016586200298571688,211.3081918038033,106,106,0
E05000175,East Acton,120921.464377,8076,14.566073833333332,1.0,No stadium influence,120921.464377,0.0020013352267305765,254.97010788547544,127,127,0
E05000176,Elthorne,120608.0854424,10507,11.443781425000001,1.0,No stadium influence,120608.0854424,0.001996148585100312,254.30932974177975,127,127,0
E05000177,Greenford Broadway,117585.3278481,12551,9.43787202,1.0,No stadium influence,117585.3278481,0.001946119822328476,247.93566536464783,124,124,0
E05000178,Greenford Green,90325.0478961,9012,10.1746517625,1.0,No stadium influence,90325.0478961,0.0014949430288653963,190.4557418774515,95,95,0
E05000179,Hanger Hill,132164.1648685,12107,10.826048766666666,1.0,No stadium influence,132164.1648685,0.0021874098219494204,278.67601131635615,139,139,0
E05000180,Hobbayne,142741.2100445,17257,8.328294077777777,1.0,No stadium influence,142741.2100445,0.002362467353831873,300.97834087818063,150,150,0
E05000181,Lady Margaret,81057.68882,8931,9.2906770625,1.0,No stadium influence,81057.68882,0.0013415617224669266,170.91496344228645,85,85,0
E05000182,Northfield,71992.409842,7550,9.75575795,1.0,No stadium influence,71992.409842,0.0011915249837267496,151.8002829267879,76,76,0
E05000183,North Greenford,104342.4224375,11113,9.4660264125,1.0,No stadium influence,104342.4224375,0.0017269404298273722,220.0122107600072,110,110,0
E05000184,Northolt Mandeville,81095.6760294,9526,8.609240355555556,1.0,No stadium influence,81095.6760294,0.001342190437482322,170.99506173524782,85,85,0
E05000185,Northolt West End,123178.7632763,14176,8.439457022222221,1.0,No stadium influence,123178.7632763,0.0020386951100871374,259.7297570251013,130,130,0
E05000186,Norwood Green,93739.491637,8198,10.9403577,1.0,No stadium influence,93739.491637,0.0015514544726653826,197.65529981756976,99,99,0
E05000187,Perivale,121252.1752984,12507,10.207795622222223,1.0,No stadium influence,121252.1752984,0.0020068087249244027,255.66743155536892,128,128,0
E05000188,South Acton,116919.389881,10999,10.662735222222222,1.0,No stadium influence,116919.389881,0.001935098080909439,246.53149550786253,123,123,0
E05000189,Southall Broadway,104243.013752,8911,11.559930328571427,1.0,No stadium influence,104243.013752,0.0017252951462116044,219.8026016273584,110,110,0
E05000190,Southall Green,84763.5616281,8707,9.96162735,1.0,No stadium influence,84763.5616281,0.0014028965221639454,178.72901692368663,89,89,0
E05000191,Southfield,83635.1212862,8540,10.1209038625,1.0,No stadium influence,83635.1212862,0.0013842200413659016,176.34963327001586,88,88,0
E05000192,Walpole,106318.52052,11948,8.581287875,1.0,No stadium influence,106318.52052,0.0017596462420200853,224.17893123335887,112,112,0
E05000193,Bowes,68877.2605103,8421,8.0211810875,1.0,No stadium influence,68877.2605103,0.0011399670727621578,145.2318050698989,73,73,0
E05000194,Bush Hill Park,97079.371651,8914,11.205013222222222,1.0,No stadium influence,97079.371651,0.0016067318343770472,204.6976356996358,102,102,0
E05000195,Chase,91687.76504999999,8052,11.20450075,1.0,No stadium influence,91687.76504999999,0.0015174969555666743,193.3291121391943,97,97,0
E05000196,Cockfosters,93708.2327755,9166,10.5710370625,1.0,No stadium influence,93708.2327755,0.0015509371165368427,197.58938864679376,99,99,0
E05000197,Edmonton Green,161009.4120885,12111,12.22339425,1.0,No stadium influence,161009.4120885,0.0026648189377136405,339.4979326647178,170,170,0
E05000198,Enfield Highway,178904.571428,14938,11.697324666666667,1.0,No stadium influence,178904.571428,0.0029609964026378094,377.2309416960569,189,189,0
E05000199,Enfield Lock,136586.210463,12358,11.799625666666666,1.0,No stadium influence,136586.210463,0.002260597784633115,288.0001577622589,144,144,0
E05000200,Grange,95687.59472300002,8218,11.309321,1.0,No stadium influence,95687.59472300002,0.001583696947989358,201.7629911738442,101,101,0
E05000201,Haselbury,126803.24039430001,14448,8.71223552,1.0,No stadium influence,126803.24039430001,0.0020986827539029368,267.37218284723417,134,134,0
E05000202,Highlands,114109.08985209999,13300,9.3525659125,1.0,No stadium influence,114109.08985209999,0.0018885856401736542,240.60581055812355,120,120,0
E05000203,Jubilee,103676.32669,10679,9.752337555555556,1.0,No stadium influence,103676.32669,0.0017159160770318172,218.6077082138535,109,109,0
E05000204,Lower Edmonton,109812.579341,11495,9.697082722222222,1.0,No stadium influence,109812.579341,0.0018174753713542655,231.54636231053342,116,116,0
E05000205,Palmers Green,126461.2617054,13011,9.783906155555556,1.0,No stadium influence,126461.2617054,0.002093022766237282,266.6511004186297,133,133,0
E05000206,Ponders End,117181.0052035,10093,12.372855414285713,1.0,No stadium influence,117181.0052035,0.0019394279983766917,247.08312699319052,124,124,0
E05000207,Southbury,136979.28531479998,13719,10.1211703375,1.0,No stadium influence,136979.28531479998,0.0022671034497083954,288.82897949284956,144,144,0
E05000208,Southgate,72801.095092,8138,8.886387428571428,1.0,No stadium influence,72801.095092,0.0012049092930096453,153.50544392942882,77,77,0
E05000209,Southgate Green,109304.4693736,10494,10.217417633333334,1.0,No stadium influence,109304.4693736,0.0018090657942618138,230.47498218895507,115,115,0
E05000210,Town,126821.25534899998,11176,11.3033357,1.0,No stadium influence,126821.25534899998,0.0020989809140652765,267.4101684519162,134,134,0
E05000211,Turkey Street,128058.535938,10912,11.37314175,1.0,No stadium influence,128058.535938,0.0021194587774526694,270.0190482474701,135,135,0
E05000212,Upper Edmonton,221957.596387,18095,12.3080392,1.0,No stadium influence,221957.596387,0.0036735542261117555,468.01080840663764,234,234,0
E05000213,Winchmore Hill,107737.86810200001,10465,10.79353625,1.0,No stadium influence,107737.86810200001,0.0017831374421098832,227.17171012479912,114,114,0
E05000214,Abbey Wood,107767.24235799999,9391,10.524759622222222,1.0,No stadium influence,107767.24235799999,0.001783623606692777,227.2336474926598,114,114,0
E05000215,Blackheath Westcombe,124464.3857505,13527,9.3017895625,1.0,No stadium influence,124464.3857505,0.0020599730656523396,262.44056856410805,131,131,0
E05000216,Charlton,87790.995585,8658,10.3863345625,1.0,No stadium influence,87790.995585,0.0014530026820236562,185.1125416898138,93,93,0
E05000217,Coldharbour and New Eltham,89137.4322875,9878,9.3158153,1.0,No stadium influence,89137.4322875,0.0014752871558113287,187.9515836503633,94,94,0
E05000218,Eltham North,94281.8687216,9685,9.2561578875,1.0,No stadium influence,94281.8687216,0.0015604311946326023,198.79893419619353,99,99,0
E05000219,Eltham South,81324.714802,8644,10.054593142857144,1.0,No stadium influence,81324.714802,0.0013459811901518595,171.4780036253469,86,86,0
E05000220,Eltham West,48561.106359100006,5841,8.03100896,1.0,No stadium influence,48561.106359100006,0.0008037204420753163,102.39398432039529,51,51,0
E05000221,Glyndon,102873.3489397,13182,7.6884434,1.0,No stadium influence,102873.3489397,0.00170262623088055,216.91458181418207,108,108,0
E05000222,Greenwich West,75549.2738175,6875,12.0401667,1.0,No stadium influence,75549.2738175,0.0012503935825113595,159.3001424119472,80,80,0
E05000223,Kidbrooke with Hornfair,90607.774774,9562,9.5162275,1.0,No stadium influence,90607.774774,0.0014996223574130618,191.05188833442406,96,96,0
E05000224,Middle Park and Sutcliffe,85400.0801566,9316,9.157093788888888,1.0,No stadium influence,85400.0801566,0.001413431351196301,180.07115414240874,90,90,0
E05000225,Peninsula,82486.4550765,5826,13.2500909,1.0,No stadium influence,82486.4550765,0.0013652088082397424,173.92760216974318,87,87,0
E05000226,Plumstead,117198.5789312,11294,10.18955131111111,1.0,No stadium influence,117198.5789312,0.0019397188559220596,247.12018224447039,124,124,0
E05000227,Shooters Hill,81663.9233912,9906,8.4431226,1.0,No stadium influence,81663.9233912,0.001351595330720477,172.19324513378876,86,86,0
E05000228,Thamesmead Moorings,155215.8506206,17030,8.560989063636363,1.0,No stadium influence,155215.8506206,0.002568931423336643,327.2818633330883,164,164,0
E05000229,Woolwich Common,135214.8903743,13355,10.69440613,1.0,No stadium influence,135214.8903743,0.0022379014733142077,285.10864770023005,143,143,0
E05000230,Woolwich Riverside,103609.79195500001,10861,10.53459975,1.0,No stadium influence,103609.79195500001,0.0017148148804027265,218.46741576330734,109,109,0
E05000250,Addison,133564.162084,13443,9.880957714285714,1.0,No stadium influence,133564.162084,0.002210580759872976,281.62798880781713,141,141,0
E05000251,Askew,98648.1075486,10323,10.006183075,1.0,No stadium influence,98648.1075486,0.001632695516089629,208.0054087498187,104,104,0
E05000252,Avonmore and Brook Green,82333.92001449999,9263,9.067724375000001,1.0,No stadium influence,82333.92001449999,0.0013626842457523053,173.60597290884368,87,87,0
E05000253,College Park and Old Oak,41905.0026981,3277,12.5487472,1.0,No stadium influence,41905.0026981,0.000693557248153035,88.35919341469666,44,44,0
E05000254,Fulham Broadway,75028.741029,6532,10.425657357142857,1.0,No stadium influence,75028.741029,0.0012417783989981544,158.20256803236487,79,79,0
E05000255,Fulham Reach,89507.4854037,8784,10.32795047142857,1.0,No stadium influence,89507.4854037,0.0014814117949812902,188.73186268061636,94,94,0
E05000256,Hammersmith Broadway,168719.051886,10077,13.64918425,1.0,No stadium influence,168719.051886,0.002792418895187159,355.754167246844,178,178,0
E05000257,Munster,63524.399724099996,6334,10.662834828571429,1.0,No stadium influence,63524.399724099996,0.0010513734644197463,133.9449793670757,67,67,0
E05000258,North End,81677.666256,8246,9.898585285714287,1.0,No stadium influence,81677.666256,0.0013518227847922758,172.22222278253594,86,86,0
E05000259,Palace Riverside,42321.3337151,4585,9.228235000000002,1.0,No stadium influence,42321.3337151,0.0007004478191082869,89.23705215439576,45,45,0
E05000260,Parsons Green and Walham,82703.870283,8230,10.040414285714286,1.0,No stadium influence,82703.870283,0.0013688071827205439,174.3860350785973,87,87,0
E05000261,Ravenscourt Park,92813.310703,9052,10.147890571428572,1.0,No stadium influence,92813.310703,0.0015361255272288517,195.7023921689557,98,98,0
E05000262,Sands End,61557.6218886,7394,8.345290057142858,1.0,No stadium influence,61557.6218886,0.0010188219088657455,129.79791118949598,65,65,0
E05000263,Shepherd's Bush Green,115160.6725865,7343,16.199790928571428,1.0,No stadium influence,115160.6725865,0.0019059900735471614,242.82313536990836,121,121,0
E05000264,Town,109188.53336,9644,11.123887428571427,1.0,No stadium influence,109188.53336,0.001807146971749534,230.23052420089064,115,115,0
E05000265,Wormholt and White City,88339.6618754,10943,8.231397175,1.0,No stadium influence,88339.6618754,0.0014620834947673197,186.2694372333565,93,93,0
E05000266,Alexandra,77219.9872422,9067,8.6330523,1.0,No stadium influence,77219.9872422,0.001278045063973734,162.8229411502537,81,81,0
E05000267,Bounds Green,91137.67012560001,9380,9.242889457142857,1.0,No stadium influence,91137.67012560001,0.0015083924979261763,192.16920423579487,96,96,0
E05000268,Bruce Grove,74697.19668559999,8659,9.1410365375,1.0,No stadium influence,74697.19668559999,0.001236291107084446,157.50348704255842,79,79,0
E05000269,Crouch End,104673.74089300001,7823,13.109335,1.0,No stadium influence,104673.74089300001,0.0017324239831375673,220.71081545172606,110,110,0
E05000270,Fortis Green,93000.024753,8380,11.577361357142857,1.0,No stadium influence,93000.024753,0.0015392157759908543,196.09608986123484,98,98,0
E05000271,Harringay,106176.164165,9207,11.393822428571427,1.0,No stadium influence,106176.164165,0.0017572901442877403,223.8787643822581,112,112,0
E05000272,Highgate,140963.13776800002,10227,13.388642142857142,1.0,No stadium influence,140963.13776800002,0.0023330390079135833,297.2291696081905,149,149,0
E05000273,Hornsey,63372.8666341,6557,9.392264814285713,1.0,No stadium influence,63372.8666341,0.001048865485273159,133.62546282380046,67,67,0
E05000274,Muswell Hill,82568.586457,8843,9.343881714285715,1.0,No stadium influence,82568.586457,0.001366568140314172,174.10078107602553,87,87,0
E05000275,Noel Park,116124.191608,9638,11.351835825,1.0,No stadium influence,116124.191608,0.0019219369905753981,244.85477259930573,122,122,0
E05000276,Northumberland Park,194124.793376,12197,15.713862375,1.0,No stadium influence,194124.793376,0.0032129017736166284,409.32368595875846,205,205,0
E05000277,St Ann's,92457.0501376,9168,9.934668075,1.0,No stadium influence,92457.0501376,0.0015302291644689117,194.95119555333935,97,97,0
E05000278,Seven Sisters,95415.333339,10362,9.604218555555555,1.0,No stadium influence,95415.333339,0.0015791908307215513,201.18891183392563,101,101,0
E05000279,Stroud Green,134810.5741653,13617,10.112131957142855,1.0,No stadium influence,134810.5741653,0.0022312097558761265,284.2561228986185,142,142,0
E05000280,Tottenham Green,121002.771356,9256,12.9367705,1.0,No stadium influence,121002.771356,0.0020026809143807393,255.14154849210618,128,128,0
E05000281,Tottenham Hale,114462.093895,9148,12.602020714285715,1.0,No stadium influence,114462.093895,0.0018944281051973284,241.35014060213965,121,121,0
E05000282,West Green,99301.9900085,9814,10.1999899625,1.0,No stadium influence,99301.9900085,0.001643517730391129,209.38415885182982,105,105,0
E05000283,White Hart Lane,107265.64482449999,11665,9.2309393125,1.0,No stadium influence,107265.64482449999,0.0017753218149587227,226.17599922574126,113,113,0
E05000284,Woodside,69952.828257,7963,8.8718418125,1.0,No stadium influence,69952.828257,0.001157768474947421,147.49970370830144,74,74,0
E05000285,Belmont,53075.6718968,5934,9.0452609,1.0,No stadium influence,53075.6718968,0.0008784396748478679,111.91321457561837,56,56,0
E05000286,Canons,69252.019999,6081,10.183897833333333,1.0,No stadium influence,69252.019999,0.001146169605704932,146.02200776680834,73,73,0
E05000287,Edgware,61461.034579,6841,9.405837857142856,1.0,No stadium influence,61461.034579,0.001017223321004165,129.59425109593062,65,65,0
E05000288,Greenhill,96254.227059,6875,17.0331546,1.0,No stadium influence,96254.227059,0.0015930751114153797,202.95776919431938,101,101,0
E05000289,Harrow on the Hill,86633.6028662,9227,9.18471162857143,1.0,No stadium influence,86633.6028662,0.0014338470190383469,182.6721102254854,91,91,0
E05000290,Harrow Weald,99130.6852891,10713,9.283656457142857,1.0,No stadium influence,99130.6852891,0.0016406825168812137,209.0229526506666,105,105,0
E05000291,Hatch End,69879.2108362,7752,8.892438628571428,1.0,No stadium influence,69879.2108362,0.0011565500548901782,147.3444769930087,74,74,0
E05000292,Headstone North,48627.386211000005,5270,8.9498744,1.0,No stadium influence,48627.386211000005,0.0008048174202099541,102.53373933474815,51,51,0
E05000293,Headstone South,52051.710159,6040,9.202397783333334,1.0,No stadium influence,52051.710159,0.000861492388381883,109.75413027985189,55,55,0
E05000294,Kenton East,66964.2112579,8354,8.050905471428571,1.0,No stadium influence,66964.2112579,0.001108304763022325,141.19802680904422,71,71,0
E05000295,Kenton West,78441.5059135,10280,7.691440885714286,1.0,No stadium influence,78441.5059135,0.001298262056544714,165.39858600379654,83,83,0
E05000296,Marlborough,81578.104124,6445,13.350557599999998,1.0,No stadium influence,81578.104124,0.0013501749615290812,172.01229009880495,86,86,0
E05000297,Pinner,57110.000684,5353,10.582589833333333,1.0,No stadium influence,57110.000684,0.0009452106518587312,120.41983704680236,60,60,0
E05000298,Pinner South,57519.291790200004,6436,9.337166766666668,1.0,No stadium influence,57519.291790200004,0.0009519847073421463,121.28285171538944,61,61,0
E05000299,Queensbury,93028.717674,9112,10.115627,1.0,No stadium influence,93028.717674,0.0015396906640006128,196.15659059367806,98,98,0
E05000300,Rayners Lane,66407.9300275,7401,8.633815571428572,1.0,No stadium influence,66407.9300275,0.0010990979176693978,140.0250747110813,70,70,0
E05000301,Roxbourne,70639.961677,8160,8.913489416666666,1.0,No stadium influence,70639.961677,0.0011691410160094644,148.94856543960577,74,74,0
E05000302,Roxeth,69562.5503086,7546,9.082102485714286,1.0,No stadium influence,69562.5503086,0.0011513091005892517,146.67677941507065,73,73,0
E05000303,Stanmore Park,83194.07584399999,8231,11.096194333333335,1.0,No stadium influence,83194.07584399999,0.0013769204293027208,175.41966269316663,88,88,0
E05000304,Wealdstone,73551.184199,7118,9.873125,1.0,No stadium influence,73551.184199,0.0012173237949407972,155.08705147545757,78,78,0
E05000305,West Harrow,77332.9554421,8619,8.989880316666666,1.0,No stadium influence,77332.9554421,0.0012799147670833106,163.06114132641378,82,82,0
E05000306,Brooklands,73876.625393,8703,8.86609325,1.0,No stadium influence,73876.625393,0.0012227100754422541,155.77326361134317,78,78,0
E05000307,Cranham,68157.2978649,8461,7.9830202375,1.0,No stadium influence,68157.2978649,0.001128051184945278,143.71372096202842,72,72,0
E05000308,Elm Park,75113.5769459,9091,8.5234951125,1.0,No stadium influence,75113.5769459,0.0012431824930509243,158.38144961468777,79,79,0
E05000309,Emerson Park,85304.5801666,11820,7.172959175,1.0,No stadium influence,85304.5801666,0.0014118507592383376,179.8697867269642,90,90,0
E05000310,Gooshays,108526.8807265,9364,11.770424833333333,1.0,No stadium influence,108526.8807265,0.0017961961556135823,228.83539022517039,114,114,0
E05000311,Hacton,79072.12431459999,11841,7.0754721625,1.0,No stadium influence,79072.12431459999,0.0013086992343216146,166.7282824525737,83,83,0
E05000312,Harold Wood,82258.8427756,8752,9.301336057142858,1.0,No stadium influence,82258.8427756,0.0013614416646794548,173.44766808016254,87,87,0
E05000313,Havering Park,78150.4103032,9900,7.5404210124999995,1.0,No stadium influence,78150.4103032,0.0012934442195937513,164.7847935762439,82,82,0
E05000314,Heaton,97260.086694,10105,10.000486,1.0,No stadium influence,97260.086694,0.001609722795356716,205.07868412844564,103,103,0
E05000315,Hylands,94041.906657,10293,9.399906099999999,1.0,No stadium influence,94041.906657,0.0015564596538028808,198.292959894487,99,99,0
E05000316,Mawneys,88778.3857497,9870,8.5583344625,1.0,No stadium influence,88778.3857497,0.00146934468325001,187.19451264605127,94,94,0
E05000317,Pettits,101801.47869589999,11571,9.053005277777778,1.0,No stadium influence,101801.47869589999,0.001684886024967122,214.65447958081134,107,107,0
E05000318,Rainham and Wennington,72132.14549940001,8606,8.3130999125,1.0,No stadium influence,72132.14549940001,0.0011938377070718218,152.0949238809501,76,76,0
E05000319,Romford Town,153893.3605665,14521,10.59573305,1.0,No stadium influence,153893.3605665,0.0025470432834112174,324.49331430658907,162,162,0
E05000320,St Andrew's,83540.616039,10181,7.9440306777777785,1.0,No stadium influence,83540.616039,0.001382655913100447,176.15036332899695,88,88,0
E05000321,South Hornchurch,107471.6048154,9486,12.008622950000001,1.0,No stadium influence,107471.6048154,0.0017787305975698908,226.61027813040408,113,113,0
E05000322,Squirrel's Heath,80907.49545379999,9333,8.7902389,1.0,No stadium influence,80907.49545379999,0.001339075916690872,170.5982717864171,85,85,0
E05000323,Upminster,72420.5753395,8239,9.139119125,1.0,No stadium influence,72420.5753395,0.0011986114236523016,152.70309537330323,76,76,0
E05000324,Barnhill,86358.3021185,8745,9.6681739375,1.0,No stadium influence,86358.3021185,0.0014292905981650476,182.09162220622707,91,91,0
E05000325,Botwell,76676.29591660001,9327,8.7333024,1.0,No stadium influence,76676.29591660001,0.0012690465903942322,161.67653561622518,81,81,0
E05000326,Brunel,87650.6195785,9598,9.017984785714287,1.0,No stadium influence,87650.6195785,0.0014506793604509014,184.81655052144484,92,92,0
E05000327,Cavendish,104341.80450530001,13463,7.95776342857143,1.0,No stadium influence,104341.80450530001,0.0017269302026151404,220.01090781316887,110,110,0
E05000328,Charville,104365.9501024,12283,8.628874875,1.0,No stadium influence,104365.9501024,0.0017273298292182057,220.06182024239942,110,110,0
E05000329,Eastcote and East Ruislip,98373.829382,10829,9.1905955,1.0,No stadium influence,98373.829382,0.0016281560196522694,207.42707690369912,104,104,0
E05000330,Harefield,47029.054771999996,5715,8.3612202,1.0,No stadium influence,47029.054771999996,0.0007783639114855747,99.16356232326223,50,50,0
E05000331,Heathrow Villages,106497.01648,8283,12.454811714285714,1.0,No stadium influence,106497.01648,0.0017626004756163916,224.55530059352827,112,112,0
E05000332,Hillingdon East,78626.9338594,9573,8.1377592375,1.0,No stadium influence,78626.9338594,0.0013013310193799056,165.78957186899999,83,83,0
E05000333,Ickenham,73772.03737040001,8161,9.529109257142858,1.0,No stadium influence,73772.03737040001,0.0012209790701571141,155.55273353801633,78,78,0
E05000334,Manor,85530.8640985,8936,9.562313357142857,1.0,No stadium influence,85530.8640985,0.001415595917358013,180.34691987141088,90,90,0
E05000335,Northwood,56486.434753,6232,9.137378571428572,1.0,No stadium influence,56486.434753,0.0009348901974189096,119.10501115116908,60,60,0
E05000336,Northwood Hills,71386.557257,8173,8.761049571428572,1.0,No stadium influence,71386.557257,0.0011814976976132934,150.52280667593357,75,75,0
E05000337,Pinkwell,98406.8081023,10396,9.7901065875,1.0,No stadium influence,98406.8081023,0.0016287018406527752,207.49661449916357,104,104,0
E05000338,South Ruislip,70652.4518279,6997,9.789258671428572,1.0,No stadium influence,70652.4518279,0.0011693477367857314,148.97490166650218,74,74,0
E05000339,Townfield,75041.076981,6860,12.134497285714287,1.0,No stadium influence,75041.076981,0.0012419825676742457,158.2285791216989,79,79,0
E05000340,Uxbridge North,44340.603052599996,4944,9.106312933333333,1.0,No stadium influence,44340.603052599996,0.0007338681459147519,93.4948017895394,47,47,0
E05000341,Uxbridge South,54652.6798885,4888,11.7558512,1.0,No stadium influence,54652.6798885,0.000904540265531958,115.23842982877144,58,58,0
E05000342,West Drayton,107334.457791,10819,9.5764992,1.0,No stadium influence,107334.457791,0.0017764607179204246,226.3210954630621,113,113,0
E05000343,West Ruislip,76831.6340183,9508,8.258074528571429,1.0,No stadium influence,76831.6340183,0.0012716175451588587,162.0040752532386,81,81,0
E05000344,Yeading,89438.9295862,9694,9.024882125,1.0,No stadium influence,89438.9295862,0.001480277148016279,188.58730865727395,94,94,0
E05000345,Yiewsley,65862.9084635,7485,8.923499833333333,1.0,No stadium influence,65862.9084635,0.0010900774277093999,138.87586429017753,69,69,0
E05000346,Bedfont,71807.8104262,7790,9.138076457142857,1.0,No stadium influence,71807.8104262,0.0011884697336470567,151.41104406663501,76,76,0
E05000347,Brentford,80312.485183,7430,11.0528498,1.0,No stadium influence,80312.485183,0.0013292280784980934,169.3436572006571,85,85,0
E05000348,Chiswick Homefields,73755.387932,6558,10.81979657142857,1.0,No stadium influence,73755.387932,0.0012207035102493103,155.51762720576212,78,78,0
E05000349,Chiswick Riverside,96435.309901,8453,11.090070071428572,1.0,No stadium influence,96435.309901,0.0015960721597270112,203.33959314922123,102,102,0
E05000350,Cranford,92372.77766960001,9201,10.132956914285714,1.0,No stadium influence,92372.77766960001,0.0015288343958914648,194.7735020365726,97,97,0
E05000351,Feltham North,83598.210194,7978,10.3029505,1.0,No stadium influence,83598.210194,0.0013836091368465298,176.2718040342479,88,88,0
E05000352,Feltham West,106889.2653426,13816,7.925891099999999,1.0,No stadium influence,106889.2653426,0.0017690924699898544,225.38238067670744,113,113,0
E05000353,Hanworth,110386.80430039999,10060,10.420018457142858,1.0,No stadium influence,110386.80430039999,0.001826979198034136,232.75714982954892,116,116,0
E05000354,Hanworth Park,62987.261925900006,7054,9.100293757142857,1.0,No stadium influence,62987.261925900006,0.0010424834563249501,132.81239233579865,66,66,0
E05000355,Heston Central,85907.170159,8879,9.762957714285715,1.0,No stadium influence,85907.170159,0.0014218240471511065,181.14038360705098,91,91,0
E05000356,Heston East,71977.804045,7634,9.520898285714285,1.0,No stadium influence,71977.804045,0.0011912832475205171,151.76948573411389,76,76,0
E05000357,Heston West,116233.10214429999,12236,9.497223742857143,1.0,No stadium influence,116233.10214429999,0.0019237395365004106,245.0844169501523,123,123,0
E05000358,Hounslow Central,83008.00239899999,7377,10.960196714285715,1.0,No stadium influence,83008.00239899999,0.0013738407830037264,175.02731575467473,88,88,0
E05000359,Hounslow Heath,96445.7664713,10022,9.338811316666666,1.0,No stadium influence,96445.7664713,0.0015962452233150184,203.36164145033334,102,102,0
E05000360,Hounslow South,97259.9450884,11048,8.70405147142857,1.0,No stadium influence,97259.9450884,0.0016097204516845067,205.07838554460616,103,103,0
E05000361,Hounslow West,56280.2533478,6451,9.078158216666667,1.0,No stadium influence,56280.2533478,0.0009314777502454526,118.67026538127065,59,59,0
E05000362,Isleworth,53847.978745,6725,7.9264,1.0,No stadium influence,53847.978745,0.0008912218960119205,113.54166955191867,57,57,0
E05000363,Osterley and Spring Grove,117449.46485799999,11864,10.090210857142855,1.0,No stadium influence,117449.46485799999,0.0019438711943491757,247.64919016008497,124,124,0
E05000364,Syon,68480.8225388,6471,10.55838972,1.0,No stadium influence,68480.8225388,0.001133405745692028,144.39589200116436,72,72,0
E05000365,Turnham Green,105814.361164,7869,12.569996285714284,1.0,No stadium influence,105814.361164,0.0017513020503230443,223.11588121115585,112,112,0
E05000366,Barnsbury,61882.3450605,5999,10.009361357142856,1.0,No stadium influence,61882.3450605,0.001024196305596776,130.48260933302925,65,65,0
E05000367,Bunhill,201977.729964,9864,19.90836975,1.0,No stadium influence,201977.729964,0.0033428733936910144,425.8820703562352,213,213,0
E05000368,Caledonian,169364.822529,15070,11.3792105,1.0,No stadium influence,169364.822529,0.0028031068532174633,357.1158130999048,179,179,0
E05000369,Canonbury,103400.5944165,8676,11.838313357142857,1.0,No stadium influence,103400.5944165,0.0017113525141032242,218.02631029675075,109,109,0
E05000370,Clerkenwell,121165.824292,8581,15.322289142857143,1.0,No stadium influence,121165.824292,0.002005379555075507,255.4853553166196,128,128,0
E05000371,Finsbury Park,106208.38407249999,7161,13.900573499999998,1.0,No stadium influence,106208.38407249999,0.0017578234064030641,223.94670197575036,112,112,0
E05000372,Highbury East,68937.047418,6094,11.408613285714285,1.0,No stadium influence,68937.047418,0.0011409565881066318,145.3578693247849,73,73,0
E05000373,Highbury West,128324.5652743,14122,9.858149844444444,1.0,No stadium influence,128324.5652743,0.002123861749950761,270.57998694372696,135,135,0
E05000374,Hillrise,103569.7274048,11409,9.1399517375,1.0,No stadium influence,103569.7274048,0.0017141517839370038,218.38293727357427,109,109,0
E05000375,Holloway,184479.8743898,13319,12.973206855555556,1.0,No stadium influence,184479.8743898,0.003053271585332901,388.9867999714116,194,194,0
E05000376,Junction,149600.16979,10444,14.494348285714285,1.0,No stadium influence,149600.16979,0.0024759879585327794,315.4408659170761,158,158,0
E05000377,Mildmay,107700.537831,10153,10.047717375,1.0,No stadium influence,107700.537831,0.0017825195998867457,227.0929970255714,114,114,0
E05000378,St George's,65692.99309,6351,10.416170571428571,1.0,No stadium influence,65692.99309,0.0010872652088506501,138.51758760757284,69,69,0
E05000379,St Mary's,140547.2097937,10410,13.8612281,1.0,No stadium influence,140547.2097937,0.0023261551075983004,296.35216070802346,148,148,0
E05000380,St Peter's,71203.837322,6110,11.12101975,1.0,No stadium influence,71203.837322,0.001178473554261859,150.13753081296085,75,75,0
E05000381,Tollington,95715.9936955,9387,10.9018822875,1.0,No stadium influence,95715.9936955,0.0015841669709448355,201.82287209837205,101,101,0
E05000400,Alexandra,39936.497623200004,5034,7.9416228166666665,1.0,No stadium influence,39936.497623200004,0.0006609771055729505,84.2084832499939,42,42,0
E05000401,Berrylands,51321.4882852,6517,8.01082015,1.0,No stadium influence,51321.4882852,0.0008494067031241454,108.21441397801613,54,54,0
E05000402,Beverley,45793.4340121,4621,9.760129283333333,1.0,No stadium influence,45793.4340121,0.0007579135194364207,96.5581823762,48,48,0
E05000403,Canbury,47309.4905074,5721,8.593756816666668,1.0,No stadium influence,47309.4905074,0.0007830053200145048,99.75487776984792,50,50,0
E05000404,Chessington North and Hook,41706.7598178,5895,6.738292366666666,1.0,No stadium influence,41706.7598178,0.000690276189146373,87.94118649724793,44,44,0
E05000405,Chessington South,67607.2805009,8882,7.738907966666667,1.0,No stadium influence,67607.2805009,0.0011189480109839141,142.55397659935065,71,71,0
E05000406,Coombe Hill,81990.49178000001,8790,9.675641285714287,1.0,No stadium influence,81990.49178000001,0.0013570002670881382,172.88183402702882,86,86,0
E05000407,Coombe Vale,85501.36618900001,9369,8.9932255,1.0,No stadium influence,85501.36618900001,0.0014151077062227826,180.2847217727825,90,90,0
E05000408,Grove,60187.892850000004,4657,14.699613399999999,1.0,No stadium influence,60187.892850000004,0.0009961519305442838,126.90975595134175,63,63,0
E05000409,Norbiton,75345.1826415,9424,8.22515045,1.0,No stadium influence,75345.1826415,0.0012470157301003085,158.8698040147793,79,79,0
E05000410,Old Malden,45949.0657297,6421,7.7147251,1.0,No stadium influence,45949.0657297,0.0007604893337505642,96.88634111982188,48,48,0
E05000411,St James,103995.74831,11434,8.979522666666666,1.0,No stadium influence,103995.74831,0.001721202729352635,219.2812277195257,110,110,0
E05000412,St Mark's,57991.4603128,6297,8.3325774,1.0,No stadium influence,57991.4603128,0.0009597994282612261,122.2784471604802,61,61,0
E05000413,Surbiton Hill,71120.4195265,8013,8.507233742857142,1.0,No stadium influence,71120.4195265,0.001177092931115005,149.96163942405164,75,75,0
E05000414,Tolworth and Hook Rise,54763.2430172,6616,7.942447033333333,1.0,No stadium influence,54763.2430172,0.0009063701630227374,115.47155876909675,58,58,0
E05000415,Tudor,48033.3877481,6574,7.660916149999999,1.0,No stadium influence,48033.3877481,0.0007949863281490833,101.28125820619321,51,51,0
E05000416,Bishop's,104747.8669985,6885,18.426107916666666,1.0,No stadium influence,104747.8669985,0.0017336508222841308,220.86711475899827,110,110,0
E05000417,Brixton Hill,83349.4400415,6716,12.462171162499999,1.0,No stadium influence,83349.4400415,0.0013794918159711793,175.74725735472825,88,88,0
E05000418,Clapham Common,80033.703178,7092,11.698142,1.0,No stadium influence,80033.703178,0.0013246140403696302,168.7558287430909,84,84,0
E05000419,Clapham Town,212690.8290132,16224,12.96009041111111,1.0,No stadium influence,212690.8290132,0.003520182712802237,448.471277611005,224,224,0
E05000420,Coldharbour,158769.4513867,11886,13.33295713,1.0,No stadium influence,158769.4513867,0.002627746013712092,334.77484214692055,167,167,0
E05000421,Ferndale,172496.9668786,12372,13.651835077777779,1.0,No stadium influence,172496.9668786,0.002854946043673479,363.7201259640012,182,182,0
E05000422,Gipsy Hill,93532.9859919,11341,8.4081908,1.0,No stadium influence,93532.9859919,0.0015480366590936842,197.21987036853537,99,99,0
E05000423,Herne Hill,146371.986841,10975,12.443656875,1.0,No stadium influence,146371.986841,0.0024225592617546613,308.6340499475439,154,154,0
E05000424,Knight's Hill,100378.77333519999,11600,8.51087038888889,1.0,No stadium influence,100378.77333519999,0.0016613392512797788,211.65462061304382,106,106,0
E05000425,Larkhall,102670.90091699999,9288,10.746988055555555,1.0,No stadium influence,102670.90091699999,0.0016992755738115266,216.4877081035885,108,108,0
E05000426,Oval,138963.7502138,12375,11.010989125,1.0,No stadium influence,138963.7502138,0.002299947738594914,293.0133418969921,147,147,0
E05000427,Prince's,71688.01466,7606,9.39088507142857,1.0,No stadium influence,71688.01466,0.0011864870295163676,151.15844756038524,76,76,0
E05000428,St Leonard's,90120.5957105,6823,13.0019379375,1.0,No stadium influence,90120.5957105,0.0014915592014917245,190.0246422700457,95,95,0
E05000429,Stockwell,144983.857711,14599,9.860482777777777,1.0,No stadium influence,144983.857711,0.0023995847489877756,305.7070970210426,153,153,0
E05000430,Streatham Hill,139526.8269016,12809,11.349758822222222,1.0,No stadium influence,139526.8269016,0.002309267053544091,294.2006226215172,147,147,0
E05000431,Streatham South,76750.1147231,9569,8.104976066666667,1.0,No stadium influence,76750.1147231,0.0012702683435263564,161.83218696525782,81,81,0
E05000432,Streatham Wells,75096.927412,8757,8.7433983125,1.0,No stadium influence,75096.927412,0.0012429069315625285,158.34634308106612,79,79,0
E05000433,Thornton,98059.469346,9706,9.480649125,1.0,No stadium influence,98059.469346,0.0016229531401042547,206.76423004928205,103,103,0
E05000434,Thurlow Park,70671.1547867,6858,10.54685217142857,1.0,No stadium influence,70671.1547867,0.0011696572838994996,149.01433796879624,75,75,0
E05000435,Tulse Hill,83384.2696389,8932,9.0694483,1.0,No stadium influence,83384.2696389,0.0013800682702886044,175.82069763476818,88,88,0
E05000436,Vassall,92723.5066112,9817,9.744102177777778,1.0,No stadium influence,92723.5066112,0.001534639206389538,195.51303489402716,98,98,0
E05000437,Bellingham,116374.641496,11423,10.26664011111111,1.0,No stadium influence,116374.641496,0.0019260821122538986,245.3828611011467,123,123,0
E05000438,Blackheath,90659.2196515,8980,9.915233166666667,1.0,No stadium influence,90659.2196515,0.0015004738062944164,191.16036292190864,96,96,0
E05000439,Brockley,174690.212448,13631,12.522286090909091,1.0,No stadium influence,174690.212448,0.0028912457993994435,368.3447148434891,184,184,0
E05000440,Catford South,130209.594419,14205,9.175835166666666,1.0,No stadium influence,130209.594419,0.0021550603072138463,274.554683139044,137,137,0
E05000441,Crofton Park,98118.4846974,10470,9.117187155555555,1.0,No stadium influence,98118.4846974,0.0016239298856496648,206.8886674317673,103,103,0
E05000442,Downham,93515.16118350001,11510,8.12753013,1.0,No stadium influence,93515.16118350001,0.001547741645986256,197.18228569864903,99,99,0
E05000443,Evelyn,154364.1784875,12400,11.684228055555556,1.0,No stadium influence,154364.1784875,0.0025548356509245288,325.486061927785,163,163,0
E05000444,Forest Hill,114444.84033780001,10898,10.178457122222222,1.0,No stadium influence,114444.84033780001,0.0018941425466987719,241.31376044942354,121,121,0
E05000445,Grove Park,104449.2136883,11174,9.375643811111111,1.0,No stadium influence,104449.2136883,0.0017287079000877913,220.2373864711846,110,110,0
E05000446,Ladywell,76525.3364119,7548,10.381930671428572,1.0,No stadium influence,76525.3364119,0.001266548104487512,161.35822851170903,81,81,0
E05000447,Lee Green,87551.92911,9416,9.5149043125,1.0,No stadium influence,87551.92911,0.001449045963831292,184.6084557921066,92,92,0
E05000448,Lewisham Central,141968.810566,12085,11.985001,1.0,No stadium influence,141968.810566,0.0023496835995712485,299.34969058537706,150,150,0
E05000449,New Cross,175334.0390518,12640,13.58328148,1.0,No stadium influence,175334.0390518,0.0029019015822145935,369.7022615741392,185,185,0
E05000450,Perry Vale,85774.2916046,9182,9.53598419,1.0,No stadium influence,85774.2916046,0.0014196248136802924,180.86020126286925,90,90,0
E05000451,Rushey Green,109133.73792999999,7225,13.949091,1.0,No stadium influence,109133.73792999999,0.0018062400688693228,230.11498477395173,115,115,0
E05000452,Sydenham,95521.67001880001,9822,10.25840743,1.0,No stadium influence,95521.67001880001,0.001580950777512419,201.41312905508218,101,101,0
E05000453,Telegraph Hill,111225.6149607,13094,8.66467843,1.0,No stadium influence,111225.6149607,0.0018408621040315498,234.52583205361944,117,117,0
E05000454,Whitefoot,117546.0924416,12361,10.050100555555556,1.0,No stadium influence,117546.0924416,0.0019454704487737635,247.85293517377747,124,124,0
E05000455,Abbey,78580.038013,8136,9.584460666666667,1.0,No stadium influence,78580.038013,0.0013005548601606038,165.69068918446092,83,83,0
E05000456,Cannon Hill,57855.3648422,6961,8.1003362,1.0,No stadium influence,57855.3648422,0.0009575469525662487,121.99148175694009,61,61,0
E05000457,Colliers Wood,89806.211238,9045,9.6949752,1.0,No stadium influence,89806.211238,0.0014863559175024594,189.36174388981334,95,95,0
E05000458,Cricket Green,68413.8736076,8573,9.6303339,1.0,No stadium influence,68413.8736076,0.0011322976938247036,144.25472619326723,72,72,0
E05000459,Dundonald,66831.5338036,8426,8.25359945,1.0,No stadium influence,66831.5338036,0.001106108857899512,140.91826849639784,70,70,0
E05000460,Figge's Marsh,71432.1700797,8051,9.004477214285714,1.0,No stadium influence,71432.1700797,0.0011822526218885695,150.61898402860376,75,75,0
E05000461,Graveney,68140.274644,7661,8.827638583333334,1.0,No stadium influence,68140.274644,0.0011277694386743814,143.6778264871162,72,72,0
E05000462,Hillside,95049.4911432,10923,8.51280045,1.0,No stadium influence,95049.4911432,0.001573135885243912,200.4175117800744,100,100,0
E05000463,Lavender Fields,50277.874486400004,6685,7.884824216666666,1.0,No stadium influence,50277.874486400004,0.0008321341612358931,106.01389214145279,53,53,0
E05000464,Longthornton,59318.9038598,7815,7.710295666666667,1.0,No stadium influence,59318.9038598,0.0009817695519757765,125.07744092171392,63,63,0
E05000465,Lower Morden,67658.285251,8540,7.8393615,1.0,No stadium influence,67658.285251,0.0011197921754474494,142.66152315200506,71,71,0
E05000466,Merton Park,77780.96784540001,8237,9.9575311,1.0,No stadium influence,77780.96784540001,0.0012873296872495195,164.00580215558878,82,82,0
E05000467,Pollards Hill,67230.1536502,9975,7.119491614285715,1.0,No stadium influence,67230.1536502,0.0011127062965361073,141.75878217870007,71,71,0
E05000468,Ravensbury,61641.7915713,6484,9.67501045,1.0,No stadium influence,61641.7915713,0.0010202149762742335,129.97538797733736,65,65,0
E05000469,Raynes Park,52990.4637298,6492,8.819099233333334,1.0,No stadium influence,52990.4637298,0.0008770294197943021,111.73354808179408,56,56,0
E05000470,St Helier,67887.4278285,7157,9.069923183333334,1.0,No stadium influence,67887.4278285,0.001123584646161043,143.1446839209169,72,72,0
E05000471,Trinity,62163.6268978,7754,8.242492016666667,1.0,No stadium influence,62163.6268978,0.001028851717706845,131.07570883585205,66,66,0
E05000472,Village,104937.14770500001,8386,12.662672083333334,1.0,No stadium influence,104937.14770500001,0.0017367835510152176,221.2662243993387,111,111,0
E05000473,West Barnes,92704.434659,9492,9.901152166666668,1.0,No stadium influence,92704.434659,0.0015343235521756479,195.47282054717755,98,98,0
E05000474,Wimbledon Park,87260.5022948,9422,8.287377333333334,1.0,No stadium influence,87260.5022948,0.0014442226452064425,183.99396499930077,92,92,0
E05000475,Beckton,80295.7376325,8863,9.1135740625,1.0,No stadium influence,80295.7376325,0.0013289508947660754,169.308343993198,85,85,0
E05000476,Boleyn,92664.6022563,10632,8.95995372857143,1.0,No stadium influence,92664.6022563,0.0015336642979142182,195.3888315542714,98,98,0
E05000477,Canning Town North,105809.1764792,9419,11.307075675,1.0,No stadium influence,105809.1764792,0.0017512162401454783,223.10494899453394,112,112,0
E05000478,Canning Town South,82932.65332499999,8958,8.8109925,1.0,No stadium influence,82932.65332499999,0.001372593702868908,174.86843774549888,87,87,0
E05000479,Custom House,84719.076857,8652,9.8977364375,1.0,No stadium influence,84719.076857,0.0014021602679355155,178.63521813498468,89,89,0
E05000480,East Ham Central,58261.826042,5657,11.2602516875,1.0,No stadium influence,58261.826042,0.0009642741711097057,122.8485293993765,61,61,0
E05000481,East Ham North,68431.538489,9285,7.363762614285714,1.0,No stadium influence,68431.538489,0.001132590060027875,144.29197364755126,72,72,0
E05000482,East Ham South,92130.9584254,9746,9.0797712625,1.0,No stadium influence,92130.9584254,0.001524832117434019,194.263611761094,97,97,0
E05000483,Forest Gate North,111610.62796859999,12499,8.968998449999999,1.0,No stadium influence,111610.62796859999,0.0018472343399239092,235.33765490630603,118,118,0
E05000484,Forest Gate South,110903.88684199999,10833,9.960327166666666,1.0,No stadium influence,110903.88684199999,0.0018355372775360932,233.84744915809827,117,117,0
E05000485,Green Street East,110435.236939,13141,8.3956886125,1.0,No stadium influence,110435.236939,0.0018277807922445028,232.85927293194968,116,116,0
E05000486,Green Street West,86242.5848985,9196,9.020450942857142,1.0,No stadium influence,86242.5848985,0.0014273753968406303,181.8476255574963,91,91,0
E05000487,Little Ilford,108380.657724,10736,9.435422666666666,1.0,No stadium influence,108380.657724,0.0017937760621473866,228.52707031757706,114,114,0
E05000488,Manor Park,93896.1434827,10323,8.3425500375,1.0,No stadium influence,93896.1434827,0.001554047170816592,197.98560956203383,99,99,0
E05000489,Plaistow North,136861.5583405,15856,8.744060722222223,1.0,No stadium influence,136861.5583405,0.00226515498553773,288.58074515750684,144,144,0
E05000490,Plaistow South,77904.2445805,8010,10.147517042857142,1.0,No stadium influence,77904.2445805,0.0012893700038621495,164.26573849203785,82,82,0
E05000491,Royal Docks,49680.567775999996,4951,9.8343175,1.0,No stadium influence,49680.567775999996,0.0008222483153536507,104.7544353760551,52,52,0
E05000492,Stratford and New Town,86691.6574595,6947,12.370636249999999,1.0,No stadium influence,86691.6574595,0.0014348078633619201,182.79452179230861,91,91,0
E05000493,Wall End,80425.6651254,10306,7.786520088888889,1.0,No stadium influence,80425.6651254,0.001331101286094871,169.58230384848656,85,85,0
E05000494,West Ham,113106.170458,11882,9.107222125,1.0,No stadium influence,113106.170458,0.001871986619285801,238.49109529701104,119,119,0
E05000516,Barnes,80974.9492266,7624,10.688431114285715,1.0,No stadium influence,80974.9492266,0.001340192324041511,170.74050208288853,85,85,0
E05000517,East Sheen,79240.055482,6161,12.766181416666667,1.0,No stadium influence,79240.055482,0.0013114786131747833,167.0823753184674,84,84,0
E05000518,Fulwell and Hampton Hill,69101.8065625,7470,9.477012366666667,1.0,No stadium influence,69101.8065625,0.001143683467751306,145.7052737915164,73,73,0
E05000519,"Ham, Petersham and Richmond Riverside",54692.323664,5709,9.481294,1.0,No stadium influence,54692.323664,0.0009051963978806482,115.32202108999458,58,58,0
E05000520,Hampton,68055.68733,6944,9.99918325,1.0,No stadium influence,68055.68733,0.0011263694591743406,143.499469098811,72,72,0
E05000521,Hampton North,68219.913923,7134,9.535983,1.0,No stadium influence,68219.913923,0.0011290875247173787,143.84575064899406,72,72,0
E05000522,Hampton Wick,70701.349812,7887,9.238481833333333,1.0,No stadium influence,70701.349812,0.0011701570327911977,149.0780059775986,75,75,0
E05000523,Heathfield,66402.4036744,7930,8.2931154,1.0,No stadium influence,66402.4036744,0.0010990064526413207,140.01342206650426,70,70,0
E05000524,Kew,98119.077524,8986,10.943313571428572,1.0,No stadium influence,98119.077524,0.001623939697346571,206.88991744195314,103,103,0
E05000525,Mortlake and Barnes Common,87434.806306,8018,10.943955,1.0,No stadium influence,87434.806306,0.0014471074991037408,184.36149538581657,92,92,0
E05000526,North Richmond,103566.0989445,11374,9.3600235,1.0,No stadium influence,103566.0989445,0.0017140917303687263,218.37528644897571,109,109,0
E05000527,St Margarets and North Twickenham,113721.462526,11761,9.870787857142858,1.0,No stadium influence,113721.462526,0.001882170135477576,239.78847525984318,120,120,0
E05000528,South Richmond,146184.5228489,9917,13.798286814285714,1.0,No stadium influence,146184.5228489,0.0024194566009237972,308.23877095769177,154,154,0
E05000529,South Twickenham,56852.1800415,6713,8.592660333333333,1.0,No stadium influence,56852.1800415,0.0009409435390126211,119.87620687020792,60,60,0
E05000530,Teddington,49832.187396,5213,9.758741166666667,1.0,No stadium influence,49832.187396,0.0008247577266325569,105.07413437298776,53,53,0
E05000531,Twickenham Riverside,150017.2913035,13898,11.01443525,1.0,No stadium influence,150017.2913035,0.0024828916127607173,316.3203914657154,158,158,0
E05000532,West Twickenham,76851.6524161,8979,8.477424085714286,1.0,No stadium influence,76851.6524161,0.0012719488637126508,162.0462852369917,81,81,0
E05000533,Whitton,53007.197544999995,5624,9.72927875,1.0,No stadium influence,53007.197544999995,0.0008773063761974509,111.76883232755524,56,56,0
E05000555,Beddington North,56022.3723985,6351,8.773685500000001,1.0,No stadium influence,56022.3723985,0.000927209639279415,118.12650804419748,59,59,0
E05000556,Beddington South,68229.9889395,8275,8.338881957142856,1.0,No stadium influence,68229.9889395,0.0011292542733218158,143.86699442119934,72,72,0
E05000557,Belmont,78588.075145,9098,9.225941,1.0,No stadium influence,78588.075145,0.001300687880344211,165.70763595585248,83,83,0
E05000558,Carshalton Central,79906.121962,10209,8.457761042857143,1.0,No stadium influence,79906.121962,0.0013225024815726424,168.48681615235463,84,84,0
E05000559,Carshalton South and Clockhouse,50795.922349,6369,8.139338583333332,1.0,No stadium influence,50795.922349,0.0008407082174788893,107.10622690681049,54,54,0
E05000560,Cheam,55336.885978000006,6154,9.30540575,1.0,No stadium influence,55336.885978000006,0.0009158643572167124,116.68111910940917,58,58,0
E05000561,Nonsuch,91858.1046624,10239,9.18421167142857,1.0,No stadium influence,91858.1046624,0.0015203161958774014,193.68828335478094,97,97,0
E05000562,St Helier,57957.796255,7332,7.692039385714286,1.0,No stadium influence,57957.796255,0.0009592422644433966,122.20746449008873,61,61,0
E05000563,Stonecot,100431.4806926,11710,8.478258057142856,1.0,No stadium influence,100431.4806926,0.00166221159509083,211.76575721457172,106,106,0
E05000564,Sutton Central,44419.979914999996,6394,7.437193699999999,1.0,No stadium influence,44419.979914999996,0.0007351818887785761,93.6621726303906,47,47,0
E05000565,Sutton North,50608.5161164,6699,7.4646914666666655,1.0,No stadium influence,50608.5161164,0.000837606512608347,106.7110697063034,53,53,0
E05000566,Sutton South,77779.54171,8264,9.457848666666667,1.0,No stadium influence,77779.54171,0.0012873060837062706,164.00279506417888,82,82,0
E05000567,Sutton West,78764.56020400001,9526,8.233694857142856,1.0,No stadium influence,78764.56020400001,0.0013036088321155784,166.0797652115247,83,83,0
E05000568,The Wrythe,80539.6642025,9567,8.659729957142856,1.0,No stadium influence,80539.6642025,0.0013329880509466735,169.8226776906062,85,85,0
E05000569,Wallington North,73378.7285197,8585,8.321553914285714,1.0,No stadium influence,73378.7285197,0.0012144695322355691,154.7234184068115,77,77,0
E05000570,Wallington South,107908.3571024,10434,10.113199066666667,1.0,No stadium influence,107908.3571024,0.0017859591548970092,227.53119633387897,114,114,0
E05000571,Wandle Valley,71367.2343488,9832,7.402392516666667,1.0,No stadium influence,71367.2343488,0.0011811778899012155,150.48206317341484,75,75,0
E05000572,Worcester Park,55781.4453176,7344,7.7721360285714285,1.0,No stadium influence,55781.4453176,0.0009232221267516536,117.61849894816066,59,59,0
E05000590,Cann Hall,74858.629789,8883,8.604450125,1.0,No stadium influence,74858.629789,0.0012389629384111623,157.84387835358208,79,79,0
E05000591,Cathall,98619.252901,10010,9.5306275,1.0,No stadium influence,98619.252901,0.0016322179513909684,207.94456700720937,104,104,0
E05000592,Chapel End,100932.1635505,10287,9.215440557142857,1.0,No stadium influence,100932.1635505,0.001670498248300812,212.82147683352346,106,106,0
E05000593,Chingford Green,45227.081128000005,4641,9.7591705,1.0,No stadium influence,45227.081128000005,0.0007485399811357601,95.36399359669583,48,48,0
E05000594,Endlebury,82154.9245416,9323,8.7710718,1.0,No stadium influence,82154.9245416,0.0013597217448664148,173.22855029598125,87,87,0
E05000595,Forest,103516.6549543,10317,9.621276385714285,1.0,No stadium influence,103516.6549543,0.0017132733975785373,218.27103085150566,109,109,0
E05000596,Grove Green,106088.9257348,11384,9.2406804,1.0,No stadium influence,106088.9257348,0.0017558462869512164,223.69481695758498,112,112,0
E05000597,Hale End and Highams Park,56627.954838000005,6549,8.504354571428571,1.0,No stadium influence,56627.954838000005,0.0009372324542949708,119.40341467717927,60,60,0
E05000598,Hatch Lane,78907.0717658,9097,8.301540814285714,1.0,No stadium influence,78907.0717658,0.0013059674986295525,166.38025932540498,83,83,0
E05000599,High Street,69202.754549,6689,11.242431999999999,1.0,No stadium influence,69202.754549,0.0011453542278805425,145.91812863198112,73,73,0
E05000600,Higham Hill,65846.3754485,7497,9.197185642857141,1.0,No stadium influence,65846.3754485,0.001089803794690696,138.84100344359467,69,69,0
E05000601,Hoe Street,113006.733479,10038,11.35260775,1.0,No stadium influence,113006.733479,0.001870340867392722,238.28142650583277,119,119,0
E05000602,Larkswood,69242.917969,6744,10.372061185714285,1.0,No stadium influence,69242.917969,0.001146018960710947,146.00281559457463,73,73,0
E05000603,Lea Bridge,127165.353002,11263,10.8489311875,1.0,No stadium influence,127165.353002,0.002104675972076129,268.1357188424988,134,134,0
E05000604,Leyton,86058.594809,5288,13.474495333333332,1.0,No stadium influence,86058.594809,0.0014243302315394754,181.45967149812918,91,91,0
E05000605,Leytonstone,65679.956406,6579,10.588239,1.0,No stadium influence,65679.956406,0.0010870494425674398,138.49009898309183,69,69,0
E05000606,Markhouse,61577.897536,5468,11.496360857142857,1.0,No stadium influence,61577.897536,0.0010191574850812292,129.8406635993486,65,65,0
E05000607,Valley,87918.2570693,8269,9.903071471428571,1.0,No stadium influence,87918.2570693,0.0014551089490362815,185.38088010722225,93,93,0
E05000608,William Morris,95082.75213,9506,10.817837250000002,1.0,No stadium influence,95082.75213,0.001573686377953388,200.4876445512616,100,100,0
E05000609,Wood Street,84008.35042599999,9090,9.436976875,1.0,No stadium influence,84008.35042599999,0.0013903972459587543,177.1366091351453,89,89,0
E05000610,Balham,138487.304588,11617,13.11507688888889,1.0,No stadium influence,138487.304588,0.0022920622286116544,292.0087279251248,146,146,0
E05000611,Bedford,130809.439306,12874,9.877807222222224,1.0,No stadium influence,130809.439306,0.0021649881617028105,275.81949180093807,138,138,0
E05000612,Earlsfield,100165.2340962,11168,8.965945455555556,1.0,No stadium influence,100165.2340962,0.0016578050267853786,211.20436041245725,106,106,0
E05000613,East Putney,109116.8308714,10086,10.934709033333332,1.0,No stadium influence,109116.8308714,0.0018059602451661375,230.0793352341659,115,115,0
E05000614,Fairfield,53657.2552304,4967,10.660798385714287,1.0,No stadium influence,53657.2552304,0.0008880652877926816,113.13951766478763,57,57,0
E05000615,Furzedown,109595.9706452,12579,8.830273933333334,1.0,No stadium influence,109595.9706452,0.0018138903451924157,231.08962997751377,116,116,0
E05000616,Graveney,111210.6184064,11342,9.974613455555556,1.0,No stadium influence,111210.6184064,0.0018406139005173535,234.49421092591083,117,117,0
E05000617,Latchmere,80207.78393199999,6894,11.8837740625,1.0,No stadium influence,80207.78393199999,0.001327495199203349,169.12288837850667,85,85,0
E05000618,Nightingale,88808.26927399999,8289,10.477621888888889,1.0,No stadium influence,88808.26927399999,0.0014698392765812153,187.25752383644684,94,94,0
E05000619,Northcote,117725.3758681,10819,11.395777977777778,1.0,No stadium influence,117725.3758681,0.0019484377154941263,248.23096495395168,124,124,0
E05000620,Queenstown,151915.304942,11868,12.520813777777779,1.0,No stadium influence,151915.304942,0.0025143050725225193,320.32246623936896,160,160,0
E05000621,Roehampton and Putney Heath,108676.7149085,11088,9.737546166666668,1.0,No stadium influence,108676.7149085,0.0017986760166386689,229.1513245197664,115,115,0
E05000622,St Mary's Park,118057.265709,12238,9.888919622222224,1.0,No stadium influence,118057.265709,0.001953930725634297,248.93077444580945,124,124,0
E05000623,Shaftesbury,61363.1410035,6499,10.6788964375,1.0,No stadium influence,61363.1410035,0.0010156031135238127,129.38783666293372,65,65,0
E05000624,Southfields,82899.5376025,9526,8.749949875,1.0,No stadium influence,82899.5376025,0.0013720456143856983,174.79861127273796,87,87,0
E05000625,Thamesfield,141258.04521,11704,12.3061049375,1.0,No stadium influence,141258.04521,0.002337919933358379,297.85099950985744,149,149,0
E05000626,Tooting,95303.705548,9540,9.733603333333333,1.0,No stadium influence,95303.705548,0.0015773433123213944,200.95353798974566,100,100,0
E05000627,Wandsworth Common,109864.059259,10580,10.17531511111111,1.0,No stadium influence,109864.059259,0.0018183274001805241,231.65491078299877,116,116,0
E05000628,West Hill,101185.3681202,11723,8.88097425,1.0,No stadium influence,101185.3681202,0.001674688961897613,213.35537374575588,107,107,0
E05000629,West Putney,104448.68507549999,9549,10.9825650625,1.0,No stadium influence,104448.68507549999,0.0017286991511744083,220.23627185961962,110,110,0
E05000630,Abbey Road,88558.0883409,7385,11.592513783333333,1.0,No stadium influence,88558.0883409,0.0014656986062953484,186.7300024420274,93,93,0
E05000631,Bayswater,73399.116442,4192,17.458345,1.0,No stadium influence,73399.116442,0.0012148069666795618,154.76640755497618,77,77,0
E05000632,Bryanston and Dorset Square,116261.64887799999,5956,23.626550857142856,1.0,No stadium influence,116261.64887799999,0.0019242120050076046,245.14460943796882,123,123,0
E05000633,Churchill,50330.8970592,6443,7.536144559999999,1.0,No stadium influence,50330.8970592,0.0008330117220833674,106.125693393421,53,53,0
E05000634,Church Street,120910.457526,10886,11.906326428571429,1.0,No stadium influence,120910.457526,0.002001153055610212,254.94689928474102,127,127,0
E05000635,Harrow Road,66998.010132,5360,13.203706833333333,1.0,No stadium influence,66998.010132,0.0011088641581446772,141.26929374763188,71,71,0
E05000636,Hyde Park,144875.97259000002,7375,19.13015625,1.0,No stadium influence,144875.97259000002,0.0023977991744067056,305.4796148194143,153,153,0
E05000637,Knightsbridge and Belgravia,66398.427488,5259,12.6457415,1.0,No stadium influence,66398.427488,0.0010989406439616842,140.00503804071857,70,70,0
E05000638,Lancaster Gate,145704.436429,7790,19.647204875,1.0,No stadium influence,145704.436429,0.0024115108332392007,307.22648015467416,154,154,0
E05000639,Little Venice,74933.705121,5422,12.43564,1.0,No stadium influence,74933.705121,0.0012402054879234777,158.00217916145107,79,79,0
E05000640,Maida Vale,70946.1383339,7728,8.699221633333334,1.0,No stadium influence,70946.1383339,0.0011742084548815753,149.5941571519127,75,75,0
E05000641,Marylebone High Street,297891.455128,10412,26.867498,1.0,No stadium influence,297891.455128,0.004930312959417769,628.1218710298238,314,314,0
E05000642,Queen's Park,90322.010813,6950,12.465659,1.0,No stadium influence,90322.010813,0.001494892763005436,190.44933800689256,95,95,0
E05000643,Regent's Park,101702.945278,10866,9.392912857142857,1.0,No stadium influence,101702.945278,0.001683255227645328,214.4467160020148,107,107,0
E05000644,St James's,275060.76737799996,6589,48.705701,1.0,No stadium influence,275060.76737799996,0.004552449030296744,579.9820064598052,290,290,0
E05000645,Tachbrook,35539.479142,4371,8.145914125000001,1.0,No stadium influence,35539.479142,0.0005882033592050167,74.93710796271912,37,37,0
E05000646,Vincent Square,65084.2480591,5636,10.91155966,1.0,No stadium influence,65084.2480591,0.001077190050724554,137.23401246230816,69,69,0
E05000647,Warwick,86336.10414,6639,15.997701799999998,1.0,No stadium influence,86336.10414,0.0014289232060187222,182.0448164467852,91,91,0
E05000648,Westbourne,81731.6551796,6886,12.4573147,1.0,No stadium influence,81731.6551796,0.0013527163394247029,172.33606164270714,86,86,0
E05000649,West End,250357.501796,4154,61.152454,1.0,No stadium influence,250357.501796,0.004143592621889394,527.8937000287087,264,264,0
E05009288,Aldersgate,11881.945905,1405,8.456901,1.0,No stadium influence,11881.945905,0.00019665455611457742,25.053790448997162,13,13,0
E05009302,Cripplegate,21439.4199463,2539,8.5545249,1.0,No stadium influence,21439.4199463,0.00035483746909834496,45.20629356312915,23,23,0
E05009304,Farringdon Within,52269.501006000006,942,55.487793,1.0,No stadium influence,52269.501006000006,0.0008650969799769838,110.21335524906773,55,55,0
E05009308,Portsoken,62891.0039,2348,26.784925,1.0,No stadium influence,62891.0039,0.0010408903183400462,132.6094265565219,66,66,0
E05009311,Vintry,122200.0,1222,100.0,1.0,No stadium influence,122200.0,0.0020224958899273293,257.66597637674175,129,129,0
E05009317,Bethnal Green,178430.056072,14621,12.20967518181818,1.0,No stadium influence,178430.056072,0.0029531428399764558,376.2303978130005,188,188,0
E05009318,Blackwall & Cubitt Town,69305.4400248,8761,8.629264742857144,1.0,No stadium influence,69305.4400248,0.0011470537446789117,146.13464707209334,73,73,0
E05009319,Bow East,69451.164791,5327,14.37976925,1.0,No stadium influence,69451.164791,0.0011494655919841502,146.44191641878072,73,73,0
E05009320,Bow West,111353.374834,8515,13.3965175,1.0,No stadium influence,111353.374834,0.0018429766197324247,234.7952213539109,117,117,0
E05009321,Bromley North,99640.59265279998,8159,9.854299919999999,1.0,No stadium influence,99640.59265279998,0.0016491218421457545,210.09812268936912,105,105,0
E05009322,Bromley South,65594.52025999999,5762,11.070891333333334,1.0,No stadium influence,65594.52025999999,0.0010856354143011857,138.30995178197105,69,69,0
E05009323,Canary Wharf,121595.484099,10686,11.406316875,1.0,No stadium influence,121595.484099,0.0020124907268735796,256.39131860369406,128,128,0
E05009324,Island Gardens,56786.6050726,7144,8.5364497,1.0,No stadium influence,56786.6050726,0.0009398582271870698,119.7379381436327,60,60,0
E05009325,Lansbury,71607.03243400001,5341,12.869845966666666,1.0,No stadium influence,71607.03243400001,0.001185146716756612,150.98769171479236,75,75,0
E05009326,Limehouse,48926.181652,4160,11.768146999999999,1.0,No stadium influence,48926.181652,0.0008097626947709321,103.16376731381675,52,52,0
E05009327,Mile End,62659.62204,4273,13.98458525,1.0,No stadium influence,62659.62204,0.0010370607859271678,132.12154412712118,66,66,0
E05009328,Poplar,34482.25354400001,3202,10.534707666666668,1.0,No stadium influence,34482.25354400001,0.0005707055324727667,72.70788483703048,36,36,0
E05009329,St Dunstan's,45836.366315,3150,14.314509000000001,1.0,No stadium influence,45836.366315,0.0007586240792249671,96.64870769326082,48,48,0
E05009330,St Katharine's & Wapping,84032.51648,5133,16.3861088,1.0,No stadium influence,84032.51648,0.0013907972111378935,177.18756469896763,89,89,0
E05009331,St Peter's,127978.892506,8585,15.126232111111111,1.0,No stadium influence,127978.892506,0.002118140622674603,269.8511153287444,135,135,0
E05009332,Shadwell,72376.18501290001,7749,9.2327802625,1.0,No stadium influence,72376.18501290001,0.0011978767325467286,152.60949572645322,76,76,0
E05009333,Spitalfields & Banglatown,119422.683765,5629,21.902079999999998,1.0,No stadium influence,119422.683765,0.001976529354163696,251.80983972045487,126,126,0
E05009334,Stepney Green,91776.9830563,9077,10.149007757142856,1.0,No stadium influence,91776.9830563,0.0015189735762790252,193.51723361794782,97,97,0
E05009335,Weavers,105892.72121,7736,12.533770299999999,1.0,No stadium influence,105892.72121,0.0017525989641607653,223.2811080340815,112,112,0
E05009336,Whitechapel,97819.45524350001,6706,14.2762977,1.0,No stadium influence,97819.45524350001,0.0016189807380107128,206.2581460225648,103,103,0
E05009367,Brownswood,67749.07947699999,6487,10.162564583333333,1.0,No stadium influence,67749.07947699999,0.0011212948837037026,142.85296818385171,71,71,0
E05009368,Cazenove,103031.8737994,10119,9.326635057142857,1.0,No stadium influence,103031.8737994,0.0017052499287299326,217.24884092019343,109,109,0
E05009369,Clissold,82409.2027166,7269,11.4662684125,1.0,No stadium influence,82409.2027166,0.0013639302273855286,173.76471096891635,87,87,0
E05009370,Dalston,110569.75478250001,6001,17.523565125,1.0,No stadium influence,110569.75478250001,0.0018300071571021189,233.14291181480993,117,117,0
E05009371,De Beauvoir,87166.015605,5515,14.605689250000001,1.0,No stadium influence,87166.015605,0.001442658824079001,183.79473418766474,92,92,0
E05009372,Hackney Central,103555.3598469,8310,12.702074271428572,1.0,No stadium influence,103555.3598469,0.001713913990755326,218.3526424222285,109,109,0
E05009373,Hackney Downs,141124.764448,11958,12.095204625,1.0,No stadium influence,141124.764448,0.0023357140430690874,297.5699690870017,149,149,0
E05009374,Hackney Wick,102707.642708,7472,13.299625,1.0,No stadium influence,102707.642708,0.0016998836762770427,216.56518035769525,108,108,0
E05009375,Haggerston,90851.2643259,7625,12.180405171428571,1.0,No stadium influence,90851.2643259,0.0015036522806369406,191.56530055314624,96,96,0
E05009376,Homerton,128461.1079,8891,14.595415166666667,1.0,No stadium influence,128461.1079,0.0021261216263769324,270.8678952004212,135,135,0
E05009377,Hoxton East & Shoreditch,82189.78854,3963,32.262638,1.0,No stadium influence,82189.78854,0.0013602987685445687,173.30206311257805,87,87,0
E05009378,Hoxton West,67433.284124,5519,13.0675852,1.0,No stadium influence,67433.284124,0.0011160682486505058,142.18709487807445,71,71,0
E05009379,King's Park,149241.4739481,13178,9.927530387500001,1.0,No stadium influence,149241.4739481,0.002470051290235097,314.68453437595133,157,157,0
E05009380,Lea Bridge,135680.7845605,11434,11.528805611111112,1.0,No stadium influence,135680.7845605,0.002245612349555865,286.0910133334172,143,143,0
E05009381,London Fields,95144.7435881,5562,18.25504546,1.0,No stadium influence,95144.7435881,0.00157471238015648,200.61835723193553,100,100,0
E05009382,Shacklewell,75922.5355579,5935,13.40131046,1.0,No stadium influence,75922.5355579,0.0012565713266670562,160.08718701738297,80,80,0
E05009383,Springfield,125126.6670136,13102,10.004977440000001,1.0,No stadium influence,125126.6670136,0.0020709342860500126,263.83702804277164,132,132,0
E05009384,Stamford Hill West,76299.4683712,8275,9.21622652,1.0,No stadium influence,76299.4683712,0.001262809829659511,160.8819722986217,80,80,0
E05009385,Stoke Newington,96319.79043999998,7949,12.08917507142857,1.0,No stadium influence,96319.79043999998,0.001594160231453041,203.09601348711743,102,102,0
E05009386,Victoria,137714.4427785,11430,12.1221391875,1.0,No stadium influence,137714.4427785,0.0022792708224480245,290.37910277987834,145,145,0
E05009387,Woodberry Down,64188.997217,6456,9.724388000000001,1.0,No stadium influence,64188.997217,0.0010623730200486029,135.34632275419202,68,68,0
E05009388,Abingdon,55710.240402999996,4966,11.018365000000001,1.0,No stadium influence,55710.240402999996,0.0009220436353676836,117.4683591458429,59,59,0
E05009389,Brompton & Hans Town,124395.3391022,8654,14.882097233333333,1.0,No stadium influence,124395.3391022,0.002058830295092601,262.2949795947974,131,131,0
E05009390,Campden,92371.72932,7122,12.749341833333332,1.0,No stadium influence,92371.72932,0.0015288170449687377,194.7712915290172,97,97,0
E05009391,Chelsea Riverside,100251.857819,10417,9.781757916666667,1.0,No stadium influence,100251.857819,0.0016592387102823771,211.38701168997486,106,106,0
E05009392,Colville,86835.51781399999,6907,12.7815685,1.0,No stadium influence,86835.51781399999,0.0014371888533430963,183.09785991591048,92,92,0
E05009393,Courtfield,63256.427855999995,5151,13.426654,1.0,No stadium influence,63256.427855999995,0.0010469383416550294,133.37994472685074,67,67,0
E05009394,Dalgarno,50277.5010656,5993,8.361737119999999,1.0,No stadium influence,50277.5010656,0.0008321279808591892,106.01310476146071,53,53,0
E05009395,Earl's Court,116943.0715665,9202,13.138630357142858,1.0,No stadium influence,116943.0715665,0.001935490029449458,246.58142975186095,123,123,0
E05009396,Golborne,109289.08864599999,8752,11.545332666666667,1.0,No stadium influence,109289.08864599999,0.0018088112324094806,230.44255100896783,115,115,0
E05009397,Holland,110779.59794800001,8992,11.4191812,1.0,No stadium influence,110779.59794800001,0.0018334802089822588,233.58537862433977,117,117,0
E05009398,Norland,78600.899918,6784,11.82102875,1.0,No stadium influence,78600.899918,0.0013009001393514267,165.73467775337176,83,83,0
E05009399,Notting Dale,113060.675137,10578,9.972044833333333,1.0,No stadium influence,113060.675137,0.0018712336397462477,238.39516570367195,119,119,0
E05009400,Pembridge,76191.378187,5300,14.08008375,1.0,No stadium influence,76191.378187,0.001261020861138349,160.65405770902566,80,80,0
E05009401,Queen's Gate,51117.861578,5427,10.210041666666667,1.0,No stadium influence,51117.861578,0.0008460365379981925,107.78505494096973,54,54,0
E05009402,Redcliffe,113792.264432,9279,11.883222666666667,1.0,No stadium influence,113792.264432,0.0018833419567859558,239.93776529453078,120,120,0
E05009403,Royal Hospital,88848.37275899999,7266,11.76705257142857,1.0,No stadium influence,88848.37275899999,0.0014705030174452436,187.34208442252404,94,94,0
E05009404,St. Helen's,34555.653053999995,3198,11.147403666666667,1.0,No stadium influence,34555.653053999995,0.0005719203459531076,72.86265207442591,36,36,0
E05009405,Stanley,88573.969442,7392,12.083703571428572,1.0,No stadium influence,88573.969442,0.0014659614496808008,186.76348868933403,93,93,0
E05011095,Borough & Bankside,98689.546053,3781,29.880011,1.0,No stadium influence,98689.546053,0.0016333813524630637,208.0927843037943,104,104,0
E05011096,Camberwell Green,87378.001798,7903,11.1068275,1.0,No stadium influence,87378.001798,0.0014461673445705218,184.24171969828447,92,92,0
E05011097,Champion Hill,75334.4962517,8416,9.242954442857142,1.0,No stadium influence,75334.4962517,0.0012468388628380444,158.84727112556686,79,79,0
E05011098,Chaucer,133616.93123750002,10058,13.8779383125,1.0,No stadium influence,133616.93123750002,0.002211454126452916,281.73925571010153,141,141,0
E05011099,Dulwich Hill,76029.218277,7556,10.0288015,1.0,No stadium influence,76029.218277,0.0012583370006515571,160.31213388300839,80,80,0
E05011100,Dulwich Village,84086.032476,6767,11.658481166666666,1.0,No stadium influence,84086.032476,0.0013916829384861367,177.30040636313382,89,89,0
E05011101,Dulwich Wood,58650.7732455,5492,11.0315028,1.0,No stadium influence,58650.7732455,0.0009707115207044477,123.66864773774664,62,62,0
E05011102,Faraday,60808.104330999995,4592,12.917070200000001,1.0,No stadium influence,60808.104330999995,0.0010064168664788847,128.21750878940992,64,64,0
E05011103,Goose Green,67332.326604,5849,10.953421571428573,1.0,No stadium influence,67332.326604,0.0011143973307351437,141.97421993565732,71,71,0
E05011104,London Bridge & West Bermondsey,121127.873976,6367,19.1159774,1.0,No stadium influence,121127.873976,0.0020047514506718127,255.40533481558893,128,128,0
E05011105,Newington,98846.5222979,9914,9.42073933,1.0,No stadium influence,98846.5222979,0.0016359794196490413,208.42377806328787,104,104,0
E05011106,North Bermondsey,133809.762574,13043,10.208769888888888,1.0,No stadium influence,133809.762574,0.0022146456206061107,282.1458520652185,141,141,0
E05011107,North Walworth,29304.390847,2828,11.7323065,1.0,No stadium influence,29304.390847,0.0004850082655063956,61.7900530255148,31,31,0
E05011108,Nunhead & Queen's Road,72057.0018815,7149,9.88225,1.0,No stadium influence,72057.0018815,0.0011925940273798655,151.93647908819486,76,76,0
E05011109,Old Kent Road,76976.8573288,7710,10.263060914285715,1.0,No stadium influence,76976.8573288,0.001274021093019807,162.31028725072343,81,81,0
E05011110,Peckham,55625.320592,5619,9.760776000000002,1.0,No stadium influence,55625.320592,0.0009206381528085927,117.28930066781471,59,59,0
E05011111,Peckham Rye,53030.9106784,6601,8.29857318,1.0,No stadium influence,53030.9106784,0.0008776988452223185,111.81883288132337,56,56,0
E05011112,Rotherhithe,105956.224715,7922,12.3269303125,1.0,No stadium influence,105956.224715,0.0017536499918028151,223.41500895567864,112,112,0
E05011113,Rye Lane,154763.75440799998,11389,13.516324333333333,1.0,No stadium influence,154763.75440799998,0.0025614489132561582,326.32859154883454,163,163,0
E05011114,St George's,62615.329719999994,5228,11.7268295,1.0,No stadium influence,62615.329719999994,0.0010363277168997098,132.02815113302304,66,66,0
E05011115,St Giles,82955.58657099999,7193,12.099347085714285,1.0,No stadium influence,82955.58657099999,0.0013729732642091509,174.91679386024583,87,87,0
E05011116,South Bermondsey,129053.0711784,10722,11.942252511111112,1.0,No stadium influence,129053.0711784,0.0021359190347038713,272.1160850212732,136,136,0
E05011117,Surrey Docks,80951.414658,6578,12.137834442857143,1.0,No stadium influence,80951.414658,0.0013398028103895902,170.6908780436338,85,85,0
E05011217,Barnehurst,61296.3920472,8352,7.467625685714286,1.0,No stadium influence,61296.3920472,0.0010144983713816385,129.24709251402075,65,65,0
E05011218,Belvedere,105620.6134436,11120,9.598953644444443,1.0,No stadium influence,105620.6134436,0.0017480953893722112,222.7073526060197,111,111,0
E05011219,Bexleyheath,98243.2293716,11232,9.540035488888888,1.0,No stadium influence,98243.2293716,0.001625994497686161,207.1516990052169,104,104,0
E05011220,Blackfen & Lamorbey,114403.54547449999,15024,7.476111081818181,1.0,No stadium influence,114403.54547449999,0.0018934590876865018,241.22668777126034,121,121,0
E05011221,Blendon & Penhill,76035.3659586,9430,7.952599169999999,1.0,No stadium influence,76035.3659586,0.0012584387491030185,160.32509663572455,80,80,0
E05011222,Crayford,92692.7964368,11648,7.995292075,1.0,No stadium influence,92692.7964368,0.0015341309314181554,195.448280662673,98,98,0
E05011223,Crook Log,114633.2636534,14064,8.225912972727274,1.0,No stadium influence,114633.2636534,0.0018972610850078347,241.71106222999813,121,121,0
E05011224,East Wickham,63444.101597999994,7585,8.47055321,1.0,No stadium influence,63444.101597999994,0.0010500444739941644,133.77566598685655,67,67,0
E05011225,Erith,112425.3162402,9511,10.383517742857142,1.0,No stadium influence,112425.3162402,0.0018607180034335901,237.05547363743938,119,119,0
E05011226,Falconwood & Welling,132280.1843425,17065,7.991767350000001,1.0,No stadium influence,132280.1843425,0.002189330025789981,278.92064528564356,139,139,0
E05011227,Longlands,52677.305615799996,6301,8.590755066666667,1.0,No stadium influence,52677.305615799996,0.0008718464329001744,111.07323555148221,56,56,0
E05011228,Northumberland Heath,99643.40707819999,13434,7.701622899999999,1.0,No stadium influence,99643.40707819999,0.0016491684228642817,210.10405707290948,105,105,0
E05011229,St Mary's & St James,76945.491575,7626,10.060603857142857,1.0,No stadium influence,76945.491575,0.0012735019677485714,162.244150691168,81,81,0
E05011230,Sidcup,78208.9038359,9541,8.4901740875,1.0,No stadium influence,78208.9038359,0.001294412328672909,164.9081306729286,82,82,0
E05011231,Slade Green & Northend,87614.72123580001,9644,9.220547233333333,1.0,No stadium influence,87614.72123580001,0.0014500852176475795,184.74085672830162,92,92,0
E05011232,Thamesmead East,77408.1766652,8223,8.976042655555554,1.0,No stadium influence,77408.1766652,0.0012811597311958721,163.2197497543541,82,82,0
E05011233,West Heath,91836.9678695,11702,8.1157511,1.0,No stadium influence,91836.9678695,0.0015199663670986247,193.6437151683648,97,97,0
E05011234,Aldborough,69922.396993,6897,10.204560714285716,1.0,No stadium influence,69922.396993,0.0011572648161391943,147.43553757613336,74,74,0
E05011235,Barkingside,90401.5612641,9789,9.926688766666667,1.0,No stadium influence,90401.5612641,0.0014962093788842546,190.61707486985404,95,95,0
E05011236,Bridge,81600.756161,8059,10.147103142857144,1.0,No stadium influence,81600.756161,0.0013505498686627224,172.06005326763085,86,86,0
E05011237,Chadwell,63172.1775559,7273,8.5010111625,1.0,No stadium influence,63172.1775559,0.0010455439399719086,133.20229795242116,67,67,0
E05011238,Churchfields,97883.3846972,10299,9.79026627,1.0,No stadium influence,97883.3846972,0.0016200388154031312,206.39294508235892,103,103,0
E05011239,Clayhall,86944.5299105,8249,10.3297601875,1.0,No stadium influence,86944.5299105,0.001438993080160802,183.32771841248618,92,92,0
E05011240,Clementswood,98232.117501,8953,10.612026485714285,1.0,No stadium influence,98232.117501,0.001625810588417602,207.1282689644025,104,104,0
E05011241,Cranbrook,93008.90573150001,9408,9.5346379125,1.0,No stadium influence,93008.90573150001,0.0015393627624271456,196.11481593321835,98,98,0
E05011242,Fairlop,83475.0044329,8908,8.946008828571427,1.0,No stadium influence,83475.0044329,0.0013815699949034847,176.01201735070396,88,88,0
E05011243,Fullwell,143048.321199,14080,9.613706633333333,1.0,No stadium influence,143048.321199,0.002367550259296088,301.6259030343216,151,151,0
E05011244,Goodmayes,100175.066001,11036,8.826033285714285,1.0,No stadium influence,100175.066001,0.0016579677517203062,211.225091569167,106,106,0
E05011245,Hainault,84911.8558239,9461,9.0395820375,1.0,No stadium influence,84911.8558239,0.0014053508953350221,179.0417040656818,90,90,0
E05011246,Ilford Town,77330.740055,4551,16.56854125,1.0,No stadium influence,77330.740055,0.0012798781008696906,163.05647005079857,82,82,0
E05011247,Loxford,87828.55454129999,10443,8.016815042857143,1.0,No stadium influence,87828.55454129999,0.001453624309149243,185.19173698561357,93,93,0
E05011248,Mayfield,80220.49889,9109,8.778368142857143,1.0,No stadium influence,80220.49889,0.00132770564069513,169.14969862455956,85,85,0
E05011249,Monkhams,82449.2651985,8502,9.223940966666667,1.0,No stadium influence,82449.2651985,0.0013645932896194323,173.84918509751566,87,87,0
E05011250,Newbury,92225.259802,8739,9.677862666666668,1.0,No stadium influence,92225.259802,0.0015263928714977506,194.4624518288134,97,97,0
E05011251,Seven Kings,140684.790714,12921,9.91016925,1.0,No stadium influence,140684.790714,0.002328432168529881,296.64225827070686,148,148,0
E05011252,South Woodford,128637.69514350001,10873,11.274596416666668,1.0,No stadium influence,128637.69514350001,0.002129044269373597,271.24023991819627,136,136,0
E05011253,Valentines,89279.05107449999,7950,11.0580195,1.0,No stadium influence,89279.05107449999,0.0014776310462748636,188.25019529541763,94,94,0
E05011254,Wanstead Park,58497.1108688,6853,8.406565879999999,1.0,No stadium influence,58497.1108688,0.0009681683003663772,123.34464146667646,62,62,0
E05011255,Wanstead Village,113782.813066,11284,10.910092375,1.0,No stadium influence,113782.813066,0.001883185530035635,239.9178365265399,120,120,0
E05011462,Addiscombe East,74902.858461,7294,10.251852714285715,1.0,No stadium influence,74902.858461,0.0012396949540194842,157.9371371420823,79,79,0
E05011463,Addiscombe West,100781.2121308,11335,8.870813344444445,1.0,No stadium influence,100781.2121308,0.0016679998962065247,212.50318677671123,106,106,0
E05011464,Bensham Manor,121962.9793486,14836,8.093452118181817,1.0,No stadium influence,121962.9793486,0.00201857303155348,257.16620421991337,129,129,0
E05011465,Broad Green,153534.9059315,14269,10.447934722222222,1.0,No stadium influence,153534.9059315,0.0025411106072572654,323.7374913645756,162,162,0
E05011466,Coulsdon Town,51232.7213032,6799,8.127058742857143,1.0,No stadium influence,51232.7213032,0.0008479375471809683,108.02724351085536,54,54,0
E05011467,Crystal Palace & Upper Norwood,125169.2243834,12683,9.686599233333332,1.0,No stadium influence,125169.2243834,0.002071638640432227,263.9267627910657,132,132,0
E05011468,Fairfield,64189.032816,2694,23.826664,1.0,No stadium influence,64189.032816,0.0010623736092370741,135.34639781680323,68,68,0
E05011469,Kenley,77143.6604745,9936,7.435120628571428,1.0,No stadium influence,77143.6604745,0.001276781802320995,162.66200161569478,81,81,0
E05011470,New Addington North,63647.7570319,9885,6.543312428571428,1.0,No stadium influence,63647.7570319,0.0010534151145671932,134.20508559586042,67,67,0
E05011471,New Addington South,58487.4713412,7604,7.804489171428571,1.0,No stadium influence,58487.4713412,0.0009680087594093245,123.32431594874794,62,62,0
E05011472,Norbury & Pollards Hill,97086.6941971,9494,9.81745432857143,1.0,No stadium influence,97086.6941971,0.0016068530276617532,204.71307572410737,102,102,0
E05011473,Norbury Park,53805.501839,6135,8.7379634,1.0,No stadium influence,53805.501839,0.0008905188733621509,113.45210446633803,57,57,0
E05011474,Old Coulsdon,47628.8603572,6342,7.227833742857142,1.0,No stadium influence,47628.8603572,0.0007882911155021252,100.42828811497075,50,50,0
E05011475,Park Hill & Whitgift,44748.499537,4541,10.009833666666667,1.0,No stadium influence,44748.499537,0.0007406191194271482,94.35487581501867,47,47,0
E05011476,Purley & Woodcote,167263.6281235,14866,10.55066953,1.0,No stadium influence,167263.6281235,0.0027683306089534535,352.68531958066995,176,176,0
E05011477,Purley Oaks & Riddlesdown,52856.7432091,6122,8.648756183333333,1.0,No stadium influence,52856.7432091,0.0008748162511894355,111.45159040153409,56,56,0
E05011478,Sanderstead,99436.7052582,13016,7.811333755555555,1.0,No stadium influence,99436.7052582,0.0016457473624601044,209.6682139774173,105,105,0
E05011479,Selhurst,84088.48233700001,5901,13.1676225,1.0,No stadium influence,84088.48233700001,0.001391723485407605,177.3055720409289,89,89,0
E05011480,Selsdon & Addington Village,60742.278168,8240,7.800930142857142,1.0,No stadium influence,60742.278168,0.0010053273972144233,128.07871040511753,64,64,0
E05011481,Selsdon Vale & Forestdale,70585.3511311,8725,8.432010128571429,1.0,No stadium influence,70585.3511311,0.0011682371730910566,148.83341585180062,74,74,0
E05011482,Shirley North,96004.45534469999,11660,7.896347988888888,1.0,No stadium influence,96004.45534469999,0.0015889412139882778,202.4311106621066,101,101,0
E05011483,Shirley South,80806.5731407,9776,8.055911766666666,1.0,No stadium influence,80806.5731407,0.0013374055814744507,170.38547107984502,85,85,0
E05011484,South Croydon,84021.009591,9866,8.29051425,1.0,No stadium influence,84021.009591,0.00139060676403717,177.16330173833546,89,89,0
E05011485,South Norwood,123254.19889439999,12561,9.47004336,1.0,No stadium influence,123254.19889439999,0.0020399436225876397,259.8888175176653,130,130,0
E05011486,Thornton Heath,121452.187182,13340,8.71565014,1.0,No stadium influence,121452.187182,0.002010119062179048,256.0891685216107,128,128,0
E05011487,Waddon,132031.4637798,14494,9.785551762499999,1.0,No stadium influence,132031.4637798,0.0021852135256606752,278.39620316917,139,139,0
E05011488,West Thornton,153275.5198335,14923,10.327941345454546,1.0,No stadium influence,153275.5198335,0.002536817585022329,323.1905603318447,162,162,0
E05011489,Woodside,115227.0512321,13705,8.36819627,1.0,No stadium influence,115227.0512321,0.0019070886867869725,242.9630986966603,121,121,0
