Ward,12:00-14:00,13:00-15:00,14:00-16:00,15:00-17:00,16:00-18:00,17:00-19:00,18:00-20:00,19:00-21:00,20:00-22:00
Ward_1,0,0,100,0,100,0,100,0,100
Ward_10,0,0,100,0,100,0,100,0,100
Ward_100,0,0,100,0,100,0,100,0,100
Ward_101,0,0,100,0,100,0,100,0,100
Ward_102,0,0,100,0,100,0,100,0,100
Ward_103,0,0,100,0,100,0,100,0,100
Ward_104,0,0,100,0,100,0,100,0,100
Ward_105,0,0,100,0,100,0,100,0,100
Ward_106,0,0,100,0,100,0,100,0,100
Ward_107,0,0,100,0,100,0,100,0,100
Ward_108,0,100,0,100,0,0,100,0,100
Ward_109,0,0,100,0,100,0,100,0,100
Ward_11,0,0,100,0,100,0,100,0,100
Ward_110,0,100,0,100,0,100,0,100,0
Ward_111,0,0,100,0,100,0,100,0,100
Ward_112,0,0,100,0,100,0,100,0,100
Ward_113,0,0,100,0,100,0,100,0,100
Ward_114,0,100,0,100,0,100,0,100,0
Ward_115,0,0,100,0,100,0,100,0,100
Ward_116,0,0,100,0,100,0,100,0,100
Ward_117,0,0,100,0,100,0,100,0,100
Ward_118,0,0,100,0,100,0,100,0,100
Ward_119,0,0,100,0,100,0,100,0,100
Ward_12,0,0,100,0,100,0,100,0,100
Ward_120,0,0,100,0,100,0,100,0,100
Ward_121,0,0,100,0,100,0,100,0,100
Ward_122,0,0,100,0,100,0,100,0,100
Ward_123,0,0,100,0,100,0,100,0,100
Ward_124,0,100,0,100,0,100,0,100,0
Ward_125,0,0,100,0,100,0,100,0,100
Ward_126,0,0,100,0,100,0,100,0,100
Ward_127,0,100,0,100,0,100,0,100,0
Ward_128,0,0,100,0,100,0,100,0,100
Ward_129,0,100,0,100,0,100,0,100,0
Ward_13,0,100,0,100,0,100,0,100,0
Ward_130,0,0,100,0,100,0,100,0,100
Ward_131,0,0,100,0,100,0,100,0,100
Ward_132,0,0,100,0,100,0,100,0,100
Ward_133,0,0,100,0,100,0,100,0,100
Ward_134,0,0,100,0,100,0,100,0,100
Ward_135,0,0,100,0,100,0,100,0,100
Ward_136,0,100,0,100,0,100,0,100,0
Ward_137,0,0,100,0,100,0,100,0,100
Ward_138,0,0,100,0,100,0,100,0,100
Ward_139,0,0,100,0,100,0,100,0,100
Ward_14,0,0,100,0,100,0,100,0,100
Ward_140,0,100,0,100,0,100,0,100,0
Ward_141,0,100,0,100,0,100,0,100,0
Ward_142,0,0,100,0,100,0,100,0,100
Ward_143,0,0,100,0,100,0,100,0,100
Ward_144,0,0,100,0,100,0,100,0,100
Ward_145,0,0,100,0,100,0,100,0,100
Ward_146,0,0,100,0,100,0,100,0,100
Ward_147,0,0,100,0,100,0,100,0,100
Ward_148,0,0,100,0,100,0,100,0,100
Ward_149,0,0,100,0,100,0,100,0,100
Ward_15,0,0,100,0,100,0,100,0,100
Ward_150,0,0,100,0,100,0,100,0,100
Ward_151,0,100,0,100,0,100,0,100,0
Ward_152,0,100,0,100,0,100,0,100,0
Ward_153,0,0,100,0,100,0,100,0,100
Ward_154,0,0,100,0,100,0,100,0,100
Ward_155,0,100,0,100,0,100,0,100,0
Ward_156,0,0,100,0,100,0,100,0,100
Ward_157,0,0,100,0,100,0,100,0,100
Ward_158,0,100,0,100,0,100,0,100,0
Ward_159,0,0,100,0,100,0,100,0,100
Ward_16,0,100,0,100,0,100,0,100,0
Ward_160,0,0,100,0,100,0,100,0,100
Ward_161,0,0,100,0,100,0,100,0,100
Ward_162,0,100,0,100,0,100,0,100,0
Ward_163,0,0,100,0,100,0,100,0,100
Ward_164,0,0,100,0,100,0,100,0,100
Ward_165,0,0,100,0,100,0,100,0,100
Ward_166,0,100,0,100,0,100,0,100,0
Ward_167,0,0,100,0,100,0,100,0,100
Ward_168,0,0,100,0,100,0,100,0,100
Ward_169,0,0,100,0,100,0,100,0,100
Ward_17,0,100,0,100,0,100,0,100,0
Ward_170,0,0,100,0,100,0,100,0,100
Ward_171,0,0,100,0,100,0,100,0,100
Ward_172,0,0,100,0,100,0,100,0,100
Ward_173,0,0,100,0,100,0,100,0,100
Ward_174,0,100,0,100,0,100,0,100,0
Ward_175,0,0,100,0,100,0,100,0,100
Ward_176,0,0,100,0,100,0,100,0,100
Ward_177,0,100,0,100,0,0,100,0,100
Ward_178,0,0,100,0,100,0,100,0,100
Ward_179,0,0,100,0,100,0,100,0,100
Ward_18,0,0,100,0,100,0,100,0,100
Ward_180,0,0,100,0,100,0,100,0,100
Ward_181,0,0,100,0,100,0,100,0,100
Ward_182,0,0,100,0,100,0,100,0,100
Ward_183,0,0,100,0,100,0,100,0,100
Ward_184,0,0,100,0,100,0,100,0,100
Ward_185,0,0,100,0,100,0,100,0,100
Ward_186,0,0,100,0,100,0,100,0,100
Ward_187,0,0,100,0,100,0,100,0,100
Ward_188,0,0,100,0,100,0,100,0,100
Ward_189,0,0,100,0,100,0,100,0,100
Ward_19,0,0,100,0,100,0,100,0,100
Ward_190,0,0,100,0,100,0,100,0,100
Ward_191,0,0,100,0,100,0,100,0,100
Ward_192,0,0,100,0,100,0,100,0,100
Ward_193,0,100,0,100,0,100,0,100,0
Ward_194,0,0,100,0,100,0,100,0,100
Ward_195,0,0,100,0,100,0,100,0,100
Ward_196,0,100,0,100,0,100,0,100,0
Ward_197,0,0,100,0,100,0,100,0,100
Ward_198,0,0,100,0,100,0,100,0,100
Ward_199,0,100,0,100,0,100,0,100,0
Ward_2,0,0,100,0,100,0,100,0,100
Ward_20,0,0,100,0,100,0,100,0,100
Ward_200,0,0,100,0,100,0,100,0,100
Ward_201,0,0,100,0,100,0,100,0,100
Ward_202,0,0,100,0,100,0,100,0,100
Ward_203,0,0,100,0,100,0,100,0,100
Ward_204,0,100,0,100,0,100,0,100,0
Ward_205,0,100,0,100,0,100,0,100,0
Ward_206,0,0,100,0,100,0,100,0,100
Ward_207,0,0,100,0,100,0,100,0,100
Ward_208,0,0,100,0,100,0,100,0,100
Ward_209,0,0,100,0,100,0,100,0,100
Ward_21,0,0,100,0,100,0,100,0,100
Ward_210,0,100,0,100,0,100,0,100,0
Ward_211,0,100,0,100,0,100,0,100,0
Ward_212,0,0,100,0,100,0,100,0,100
Ward_213,0,0,100,0,100,0,100,0,100
Ward_214,0,0,100,0,100,0,100,0,100
Ward_215,0,0,100,0,100,0,100,0,100
Ward_216,0,0,100,0,100,0,100,0,100
Ward_217,0,0,100,0,100,0,100,0,100
Ward_218,0,0,100,0,100,0,100,0,100
Ward_219,0,0,100,0,100,0,100,0,100
Ward_22,0,0,100,0,100,0,100,0,100
Ward_220,0,100,0,100,0,100,0,100,0
Ward_221,0,0,100,0,100,0,100,0,100
Ward_222,0,0,100,0,100,0,100,0,100
Ward_223,0,0,100,0,100,0,100,0,100
Ward_224,0,0,100,0,100,0,100,0,100
Ward_225,0,0,100,0,100,0,100,0,100
Ward_226,0,100,0,100,0,100,0,100,0
Ward_227,0,100,0,100,0,100,0,100,0
Ward_228,0,100,0,100,0,100,0,100,0
Ward_229,0,0,100,0,100,0,100,0,100
Ward_23,0,0,100,0,100,0,100,0,100
Ward_230,0,0,100,0,100,0,100,0,100
Ward_231,0,0,100,0,100,0,100,0,100
Ward_232,0,0,100,0,100,0,100,0,100
Ward_233,0,0,100,0,100,0,100,0,100
Ward_234,0,0,100,0,100,0,100,0,100
Ward_235,0,0,100,0,100,0,100,0,100
Ward_236,0,0,100,0,100,0,100,0,100
Ward_237,0,0,100,0,100,0,100,0,100
Ward_238,0,0,100,0,100,0,100,0,100
Ward_239,0,0,100,0,100,0,100,0,100
Ward_24,0,100,0,100,0,100,0,100,0
Ward_240,0,0,100,0,100,0,100,0,100
Ward_241,0,0,100,0,100,0,100,0,100
Ward_242,0,0,100,0,100,0,100,0,100
Ward_243,0,0,100,0,100,0,100,0,100
Ward_244,0,0,100,0,100,0,100,0,100
Ward_245,0,0,100,0,100,0,100,0,100
Ward_246,0,0,100,0,100,0,100,0,100
Ward_247,0,0,100,0,100,0,100,0,100
Ward_248,0,100,0,100,0,100,0,100,0
Ward_249,0,0,100,0,100,0,100,0,100
Ward_25,0,0,100,0,100,0,100,0,100
Ward_250,0,0,100,0,100,0,100,0,100
Ward_251,0,0,100,0,100,0,100,0,100
Ward_252,0,0,100,0,100,0,100,0,100
Ward_253,0,0,100,0,100,0,100,0,100
Ward_254,0,0,100,0,100,0,100,0,100
Ward_255,0,0,100,0,100,0,100,0,100
Ward_256,0,100,0,100,0,100,0,100,0
Ward_257,0,0,100,0,100,0,100,0,100
Ward_258,0,0,100,0,100,0,100,0,100
Ward_259,0,100,0,100,0,100,0,100,0
Ward_26,0,0,100,0,100,0,100,0,100
Ward_260,0,0,100,0,100,0,100,0,100
Ward_261,0,0,100,0,100,0,100,0,100
Ward_262,0,0,100,0,100,0,100,0,100
Ward_263,0,0,100,0,100,0,100,0,100
Ward_264,0,0,100,0,100,0,100,0,100
Ward_265,0,0,100,0,100,0,100,0,100
Ward_266,0,0,100,0,100,0,100,0,100
Ward_267,0,0,100,0,100,0,100,0,100
Ward_268,0,0,100,0,100,0,100,0,100
Ward_269,0,0,100,0,100,0,100,0,100
Ward_27,0,100,0,100,0,100,0,100,0
Ward_270,0,100,0,100,0,100,0,100,0
Ward_271,0,0,100,0,100,0,100,0,100
Ward_273,0,0,100,0,100,0,100,0,100
Ward_274,0,0,100,0,100,0,100,0,100
Ward_275,0,0,100,0,100,0,100,0,100
Ward_276,0,0,100,0,100,0,100,0,100
Ward_277,0,0,100,0,100,0,100,0,100
Ward_278,0,0,100,0,100,0,100,0,100
Ward_279,0,0,100,0,100,0,100,0,100
Ward_28,0,0,100,0,100,0,100,0,100
Ward_280,0,0,100,0,100,0,100,0,100
Ward_281,0,0,100,0,100,0,100,0,100
Ward_282,0,100,0,100,0,100,0,100,0
Ward_283,0,0,100,0,100,0,100,0,100
Ward_284,0,0,100,0,100,0,100,0,100
Ward_285,0,0,100,0,100,0,100,0,100
Ward_286,0,0,100,0,100,0,100,0,100
Ward_287,0,0,100,0,100,0,100,0,100
Ward_288,0,0,100,0,100,0,100,0,100
Ward_289,0,0,100,0,100,0,100,0,100
Ward_29,0,0,100,0,100,0,100,0,100
Ward_290,0,0,100,0,100,0,100,0,100
Ward_291,0,0,100,0,100,0,100,0,100
Ward_292,0,100,0,100,0,100,0,100,0
Ward_293,0,0,100,0,100,0,100,0,100
Ward_294,0,100,0,100,0,100,0,100,0
Ward_295,0,0,100,0,100,0,100,0,100
Ward_296,0,0,100,0,100,0,100,0,100
Ward_297,0,100,0,100,0,100,0,100,0
Ward_298,0,100,0,100,0,100,0,0,100
Ward_299,0,0,100,0,100,0,100,0,100
Ward_3,0,100,0,100,0,100,0,100,0
Ward_30,0,0,100,0,100,0,100,0,100
Ward_300,0,0,100,0,100,0,100,0,100
Ward_301,0,100,0,100,0,100,0,100,0
Ward_302,0,100,0,100,0,100,0,100,0
Ward_303,0,0,100,0,100,0,100,0,100
Ward_304,0,100,0,100,0,100,0,100,0
Ward_305,0,0,100,0,100,0,100,0,100
Ward_306,0,0,100,0,100,0,100,0,100
Ward_307,0,0,100,0,100,0,100,0,100
Ward_308,0,0,100,0,100,0,100,0,100
Ward_309,0,0,100,0,100,0,100,0,100
Ward_31,0,0,100,0,100,0,100,0,100
Ward_310,0,0,100,0,100,0,100,0,100
Ward_311,0,0,100,0,100,0,100,0,100
Ward_312,0,0,100,0,100,0,100,0,100
Ward_313,0,0,100,0,100,0,100,0,100
Ward_314,0,0,100,0,100,0,100,0,100
Ward_315,0,0,100,0,100,0,100,0,100
Ward_316,0,0,100,0,100,0,100,0,100
Ward_317,0,0,100,0,100,0,100,0,100
Ward_318,0,0,100,0,100,0,100,0,100
Ward_319,0,0,100,0,100,0,100,0,100
Ward_32,0,0,100,0,100,0,100,0,100
Ward_320,0,0,100,0,100,0,100,0,100
Ward_321,0,0,100,0,100,0,100,0,100
Ward_322,0,0,100,0,100,0,100,0,100
Ward_323,0,0,100,0,100,0,100,0,100
Ward_324,0,0,100,0,100,0,100,0,100
Ward_325,0,100,0,100,0,100,0,100,0
Ward_326,0,0,100,0,100,0,100,0,100
Ward_327,0,0,100,0,100,0,100,0,100
Ward_328,0,0,100,0,100,0,100,0,100
Ward_329,0,0,100,0,100,0,100,0,100
Ward_33,0,0,100,0,100,0,100,0,100
Ward_330,0,0,100,0,100,0,100,0,100
Ward_331,0,0,100,0,100,0,100,0,100
Ward_332,0,0,100,0,100,0,100,0,100
Ward_333,0,0,100,0,100,0,100,0,100
Ward_334,0,0,100,0,100,0,100,0,100
Ward_335,0,100,0,100,0,100,0,100,0
Ward_336,0,0,100,0,100,0,100,0,100
Ward_337,0,0,100,0,100,0,100,0,100
Ward_338,0,0,100,0,100,0,100,0,100
Ward_339,0,0,100,0,100,0,100,0,100
Ward_34,0,0,100,0,100,0,100,0,100
Ward_340,0,0,100,0,100,0,100,0,100
Ward_341,0,0,100,0,100,0,100,0,100
Ward_342,0,0,100,0,100,0,100,0,100
Ward_343,0,0,100,0,100,0,100,0,100
Ward_344,0,0,100,0,100,0,100,0,100
Ward_345,0,0,100,0,100,0,100,0,100
Ward_346,0,0,100,0,100,0,100,0,100
Ward_347,0,0,100,0,100,0,100,0,100
Ward_348,0,0,100,0,100,0,100,0,100
Ward_349,0,100,0,100,0,100,0,100,0
Ward_35,0,0,100,0,100,0,100,0,100
Ward_350,0,0,100,0,100,0,100,0,100
Ward_351,0,0,100,0,100,0,100,0,100
Ward_352,0,0,100,0,100,0,100,0,100
Ward_353,0,100,0,100,0,100,0,100,0
Ward_354,0,0,100,0,100,0,100,0,100
Ward_355,0,100,0,100,0,100,0,100,0
Ward_356,0,0,100,0,100,0,100,0,100
Ward_357,0,0,100,0,100,0,100,0,100
Ward_358,0,0,100,0,100,0,100,0,100
Ward_359,0,100,0,100,0,100,0,100,0
Ward_36,0,0,100,0,100,0,100,0,100
Ward_360,0,0,100,0,100,0,100,0,100
Ward_361,0,100,0,100,0,100,0,100,0
Ward_362,0,0,100,0,100,0,100,0,100
Ward_363,0,0,100,0,100,0,100,0,100
Ward_364,0,0,100,0,100,0,100,0,100
Ward_365,0,0,100,0,100,0,100,0,100
Ward_366,0,100,0,100,0,100,0,100,0
Ward_367,0,0,100,0,100,0,100,0,100
Ward_368,0,0,100,0,100,0,100,0,100
Ward_369,0,0,100,0,100,0,100,0,100
Ward_37,0,0,100,0,100,0,100,0,100
Ward_370,0,0,100,0,100,0,100,0,100
Ward_371,0,0,100,0,100,0,100,0,100
Ward_372,0,100,0,100,0,100,0,100,0
Ward_373,0,100,0,100,0,100,0,100,0
Ward_374,0,0,100,0,100,0,100,0,100
Ward_375,0,0,100,0,100,0,100,0,100
Ward_376,0,0,100,0,100,0,100,0,100
Ward_377,0,0,100,0,100,0,100,0,100
Ward_378,0,0,100,0,100,0,100,0,100
Ward_379,0,100,0,100,0,100,0,100,0
Ward_38,0,0,100,0,100,0,100,0,100
Ward_380,0,0,100,0,100,0,100,0,100
Ward_381,0,0,100,0,100,0,100,0,100
Ward_382,0,0,100,0,100,0,100,0,100
Ward_383,0,100,0,100,0,0,100,0,100
Ward_384,0,0,100,0,100,0,100,0,100
Ward_385,0,0,100,0,100,0,100,0,100
Ward_386,0,0,100,0,100,0,100,0,100
Ward_387,0,0,100,0,100,0,100,0,100
Ward_388,0,0,100,0,100,0,100,0,100
Ward_389,0,0,100,0,100,0,100,0,100
Ward_39,0,0,100,0,100,0,100,0,100
Ward_390,0,0,100,0,100,0,100,0,100
Ward_391,0,0,100,0,100,0,100,0,100
Ward_392,0,0,100,0,100,0,100,0,100
Ward_393,0,0,100,0,100,0,100,0,100
Ward_394,0,100,0,0,100,0,100,0,100
Ward_395,0,0,100,0,100,0,100,0,100
Ward_396,0,0,100,0,100,0,100,0,100
Ward_397,0,0,100,0,100,0,100,0,100
Ward_398,0,100,0,100,0,100,0,100,0
Ward_399,0,0,100,0,100,0,100,0,100
Ward_4,0,0,100,0,100,0,100,0,100
Ward_40,0,0,100,0,100,0,100,0,100
Ward_400,0,100,0,100,0,100,0,100,0
Ward_401,0,0,100,0,100,0,100,0,100
Ward_402,0,0,100,0,100,0,100,0,100
Ward_403,0,0,100,0,100,0,100,0,100
Ward_404,0,0,100,0,100,0,100,0,100
Ward_405,0,0,100,0,100,0,100,0,100
Ward_406,0,0,100,0,100,0,100,0,100
Ward_407,0,100,0,100,0,0,100,0,100
Ward_408,0,0,100,0,100,0,100,0,100
Ward_409,0,0,100,0,100,0,100,0,100
Ward_41,0,100,0,100,0,100,0,100,0
Ward_410,0,0,100,0,100,0,100,0,100
Ward_411,0,0,100,0,100,0,100,0,100
Ward_412,0,0,100,0,100,0,100,0,100
Ward_413,0,0,100,0,100,0,100,0,100
Ward_414,0,100,0,100,0,100,0,100,0
Ward_415,0,0,100,0,100,0,100,0,100
Ward_416,0,0,100,0,100,0,100,0,100
Ward_417,0,0,100,0,100,0,100,0,100
Ward_418,0,0,100,0,100,0,100,0,100
Ward_419,0,0,100,0,100,0,100,0,100
Ward_42,0,0,100,0,100,0,100,0,100
Ward_420,0,0,100,0,100,0,100,0,100
Ward_421,0,0,100,0,100,0,100,0,100
Ward_422,0,100,0,100,0,100,0,100,0
Ward_423,0,0,100,0,100,0,100,0,100
Ward_424,0,100,0,100,0,100,0,100,0
Ward_425,0,0,100,0,100,0,100,0,100
Ward_426,100,0,100,0,100,0,0,100,0
Ward_427,0,0,100,0,100,0,100,0,100
Ward_428,0,0,100,0,100,0,100,0,100
Ward_429,0,0,100,0,100,0,100,0,100
Ward_43,0,0,100,0,100,0,100,0,100
Ward_430,0,100,0,100,0,100,0,100,0
Ward_431,0,0,100,0,100,0,100,0,100
Ward_432,0,0,100,0,100,0,100,0,100
Ward_433,0,0,100,0,100,0,100,0,100
Ward_434,0,100,0,100,0,100,0,100,0
Ward_435,0,0,100,0,100,0,100,0,100
Ward_436,0,0,100,0,100,0,100,0,100
Ward_437,0,0,100,0,100,0,100,0,100
Ward_438,0,0,100,0,100,0,100,0,100
Ward_439,0,0,100,0,100,0,100,0,100
Ward_44,0,0,100,0,100,0,100,0,100
Ward_440,0,0,100,0,100,0,100,0,100
Ward_441,0,0,100,0,100,0,100,0,100
Ward_442,0,0,100,0,100,0,100,0,100
Ward_443,0,100,0,100,0,100,0,100,0
Ward_444,0,0,100,0,100,0,100,0,100
Ward_445,0,0,100,0,100,0,100,0,100
Ward_446,0,0,100,0,100,0,100,0,100
Ward_447,0,0,100,0,100,0,100,0,100
Ward_448,0,0,100,0,100,0,100,0,100
Ward_449,0,0,100,0,100,0,100,0,100
Ward_45,0,0,100,0,100,0,100,0,100
Ward_450,0,0,100,0,100,0,100,0,100
Ward_451,0,0,100,0,100,0,100,0,100
Ward_452,0,0,100,0,100,0,100,0,100
Ward_453,0,0,100,0,100,0,100,0,100
Ward_454,0,0,100,0,100,0,100,0,100
Ward_455,0,0,100,0,100,0,100,0,100
Ward_456,0,0,100,0,100,0,100,0,100
Ward_457,0,100,0,100,0,100,0,100,0
Ward_458,0,100,0,100,0,100,0,100,0
Ward_459,0,0,100,0,100,0,100,0,100
Ward_46,0,0,100,0,100,0,100,0,100
Ward_460,0,0,100,0,100,0,100,0,100
Ward_461,0,0,100,0,100,0,100,0,100
Ward_462,0,100,0,100,0,100,0,100,0
Ward_463,0,0,100,0,100,0,100,0,100
Ward_464,0,0,100,0,100,0,100,0,100
Ward_465,0,0,100,0,100,0,100,0,100
Ward_467,0,0,100,0,100,0,100,0,100
Ward_468,0,0,100,0,100,0,100,0,100
Ward_469,0,0,100,0,100,0,100,0,100
Ward_47,0,0,100,0,100,0,100,0,100
Ward_470,0,0,100,0,100,0,100,0,100
Ward_471,0,0,100,0,100,0,100,0,100
Ward_472,0,0,100,0,100,0,100,0,100
Ward_473,0,100,0,0,100,0,100,0,100
Ward_474,0,0,100,0,100,0,100,0,100
Ward_475,0,0,100,0,100,0,100,0,100
Ward_476,0,0,100,0,100,0,100,0,100
Ward_477,100,0,100,0,100,0,0,100,0
Ward_478,0,0,100,0,100,0,100,0,100
Ward_479,0,0,100,0,100,0,100,0,100
Ward_48,0,100,0,100,0,100,0,100,0
Ward_480,0,0,100,0,100,0,100,0,100
Ward_481,0,0,100,0,100,0,100,0,100
Ward_483,0,0,100,0,100,0,100,0,100
Ward_484,0,0,100,0,100,0,100,0,100
Ward_485,0,0,100,0,100,0,100,0,100
Ward_486,0,0,100,0,100,0,100,0,100
Ward_487,0,0,100,0,100,0,100,0,100
Ward_488,0,0,100,0,100,0,100,0,100
Ward_489,0,0,100,0,100,0,100,0,100
Ward_49,0,100,0,100,0,100,0,100,0
Ward_490,0,0,100,0,100,0,100,0,100
Ward_491,0,100,0,100,0,100,0,100,0
Ward_492,0,0,100,0,100,0,100,0,100
Ward_494,0,0,100,0,100,0,100,0,100
Ward_495,0,0,100,0,100,0,100,0,100
Ward_496,0,0,100,0,100,0,100,0,100
Ward_497,0,100,0,100,0,100,0,100,0
Ward_498,0,0,100,0,100,0,100,0,100
Ward_499,0,0,100,0,100,0,100,0,100
Ward_5,0,0,100,0,100,0,100,0,100
Ward_50,0,0,100,0,100,0,100,0,100
Ward_500,0,100,0,100,0,100,0,100,0
Ward_501,0,0,100,0,100,0,100,0,100
Ward_502,0,100,0,100,0,100,0,100,0
Ward_503,0,0,100,0,100,0,100,0,100
Ward_504,0,0,100,0,100,0,100,0,100
Ward_505,0,0,100,0,100,0,100,0,100
Ward_506,0,0,100,0,100,0,100,0,100
Ward_507,0,0,100,0,100,0,100,0,100
Ward_508,0,0,100,0,100,0,100,0,100
Ward_509,0,0,100,0,100,0,100,0,100
Ward_51,0,0,100,0,100,0,100,0,100
Ward_510,0,0,100,0,100,0,100,0,100
Ward_511,0,0,100,0,100,0,100,0,100
Ward_512,0,0,100,0,100,0,100,0,100
Ward_513,0,0,100,0,100,0,100,0,100
Ward_514,0,100,0,100,0,100,0,100,0
Ward_515,0,0,100,0,100,0,100,0,100
Ward_516,0,0,100,0,100,0,100,0,100
Ward_517,0,100,0,100,0,100,0,100,0
Ward_518,0,0,100,0,100,0,100,0,100
Ward_519,0,0,100,0,100,0,100,0,100
Ward_52,0,0,100,0,100,0,100,0,100
Ward_520,0,0,100,0,100,0,100,0,100
Ward_521,0,100,0,100,0,100,0,100,0
Ward_522,0,0,100,0,100,0,100,0,100
Ward_523,0,100,0,100,0,100,0,100,0
Ward_524,0,100,0,100,0,100,0,100,0
Ward_525,0,0,100,0,100,0,100,0,100
Ward_526,0,0,100,0,100,0,100,0,100
Ward_527,0,0,100,0,100,0,100,0,100
Ward_528,0,0,100,0,100,0,100,0,100
Ward_529,0,0,100,0,100,0,100,0,100
Ward_53,0,0,100,0,100,0,100,0,100
Ward_530,0,0,100,0,100,0,100,0,100
Ward_531,0,0,100,0,100,0,100,0,100
Ward_532,0,100,0,100,0,100,0,100,0
Ward_533,0,0,100,0,100,0,100,0,100
Ward_534,0,0,100,0,100,0,100,0,100
Ward_535,0,0,100,0,100,0,100,0,100
Ward_536,0,100,0,100,0,100,0,100,0
Ward_537,0,0,100,0,100,0,100,0,100
Ward_538,0,0,100,0,100,0,100,0,100
Ward_539,0,0,100,0,100,0,100,0,100
Ward_54,0,100,0,100,0,100,0,100,0
Ward_540,0,100,0,100,0,100,0,100,0
Ward_541,0,0,100,0,100,0,100,0,100
Ward_542,0,0,100,0,100,0,100,0,100
Ward_543,0,0,100,0,100,0,100,0,100
Ward_544,0,0,100,0,100,0,100,0,100
Ward_545,0,0,100,0,100,0,100,0,100
Ward_546,0,100,0,100,0,100,0,100,0
Ward_547,0,0,100,0,100,0,100,0,100
Ward_548,0,100,0,100,0,100,0,100,0
Ward_549,0,0,100,0,100,0,100,0,100
Ward_55,0,0,100,0,100,0,100,0,100
Ward_550,0,0,100,0,100,0,100,0,100
Ward_551,0,100,0,100,0,100,0,100,0
Ward_552,0,0,100,0,100,0,100,0,100
Ward_553,0,0,100,0,100,0,100,0,100
Ward_554,0,0,100,0,100,0,100,0,100
Ward_555,0,0,100,0,100,0,100,0,100
Ward_556,0,0,100,0,100,0,100,0,100
Ward_557,0,0,100,0,100,0,100,0,100
Ward_558,0,0,100,0,100,0,100,0,100
Ward_56,0,0,100,0,100,0,100,0,100
Ward_560,0,0,100,0,100,0,100,0,100
Ward_561,0,100,0,100,0,100,0,100,0
Ward_562,0,0,100,0,100,0,100,0,100
Ward_563,0,0,100,0,100,0,100,0,100
Ward_564,0,100,0,100,0,100,0,100,0
Ward_565,0,0,100,0,100,0,100,0,100
Ward_566,0,100,0,100,0,100,0,100,0
Ward_567,0,0,100,0,100,0,100,0,100
Ward_568,0,0,100,0,100,0,100,0,100
Ward_569,0,0,100,0,100,0,100,0,100
Ward_57,0,0,100,0,100,0,100,0,100
Ward_570,0,0,100,0,100,0,100,0,100
Ward_571,0,100,0,100,0,100,0,100,0
Ward_572,0,0,100,0,100,0,100,0,100
Ward_573,0,100,0,100,0,100,0,100,0
Ward_574,0,0,100,0,100,0,100,0,100
Ward_575,0,0,100,0,100,0,100,0,100
Ward_576,0,100,0,100,0,100,0,100,0
Ward_577,0,0,100,0,100,0,100,0,100
Ward_578,0,100,0,100,0,100,0,100,0
Ward_579,0,0,100,0,100,0,100,0,100
Ward_58,0,0,100,0,100,0,100,0,100
Ward_580,0,0,100,0,100,0,100,0,100
Ward_581,0,0,100,0,100,0,100,0,100
Ward_582,0,0,100,0,100,0,100,0,100
Ward_583,0,0,100,0,100,0,100,0,100
Ward_584,0,0,100,0,100,0,100,0,100
Ward_585,0,100,0,100,0,100,0,100,0
Ward_586,0,100,0,100,0,100,0,100,0
Ward_587,0,0,100,0,100,0,100,0,100
Ward_588,0,0,100,0,100,0,100,0,100
Ward_589,0,0,100,0,100,0,100,0,100
Ward_59,0,0,100,0,100,0,100,0,100
Ward_590,0,0,100,0,100,0,100,0,100
Ward_591,0,0,100,0,100,0,100,0,100
Ward_592,0,0,100,0,100,0,100,0,100
Ward_593,0,0,100,0,100,0,100,0,100
Ward_594,0,0,100,0,100,0,100,0,100
Ward_595,0,0,100,0,100,0,100,0,100
Ward_596,0,0,100,0,100,0,100,0,100
Ward_597,0,0,100,0,100,0,100,0,100
Ward_598,0,0,100,0,100,0,100,0,100
Ward_599,0,0,100,0,100,0,100,0,100
Ward_6,0,100,0,100,0,100,0,0,100
Ward_60,0,0,100,0,100,0,100,0,100
Ward_600,0,0,100,0,100,0,100,0,100
Ward_601,0,0,100,0,100,0,100,0,100
Ward_602,0,0,100,0,100,0,100,0,100
Ward_603,0,0,100,0,100,0,100,0,100
Ward_604,0,0,100,0,100,0,100,0,100
Ward_605,0,0,100,0,100,0,100,0,100
Ward_606,0,100,0,100,0,100,0,100,0
Ward_607,0,0,100,0,100,0,100,0,100
Ward_608,0,100,0,100,0,100,0,100,0
Ward_609,0,100,0,100,0,100,0,100,0
Ward_61,0,0,100,0,100,0,100,0,100
Ward_610,0,0,100,0,100,0,100,0,100
Ward_611,0,0,100,0,100,0,100,0,100
Ward_612,0,100,0,100,0,100,0,100,0
Ward_613,0,0,100,0,100,0,100,0,100
Ward_614,0,0,100,0,100,0,100,0,100
Ward_615,0,0,100,0,100,0,100,0,100
Ward_616,0,0,100,0,100,0,100,0,100
Ward_617,0,0,100,0,100,0,100,0,100
Ward_618,0,100,0,100,0,100,0,100,0
Ward_619,0,100,0,100,0,100,0,100,0
Ward_62,0,0,100,0,100,0,100,0,100
Ward_620,0,100,0,100,0,100,0,100,0
Ward_621,0,0,100,0,100,0,100,0,100
Ward_622,0,0,100,0,100,0,100,0,100
Ward_623,0,100,0,100,0,0,100,0,100
Ward_624,0,0,100,0,100,0,100,0,100
Ward_627,0,100,0,100,0,100,0,100,0
Ward_628,0,100,0,100,0,100,0,100,0
Ward_63,0,0,100,0,100,0,100,0,100
Ward_636,0,0,100,0,100,0,100,0,100
Ward_64,0,0,100,0,100,0,100,0,100
Ward_65,0,100,0,100,0,100,0,100,0
Ward_66,0,0,100,0,100,0,100,0,100
Ward_67,0,0,100,0,100,0,100,0,100
Ward_68,0,0,100,0,100,0,100,0,100
Ward_69,0,100,0,100,0,0,100,0,100
Ward_7,0,0,100,0,100,0,100,0,100
Ward_70,0,0,100,0,100,0,100,0,100
Ward_71,0,0,100,0,100,0,100,0,100
Ward_72,0,100,0,100,0,100,0,100,0
Ward_73,0,100,0,100,0,100,0,100,0
Ward_74,0,0,100,0,100,0,100,0,100
Ward_75,0,0,100,0,100,0,100,0,100
Ward_76,0,0,100,0,100,0,100,0,100
Ward_77,0,0,100,0,100,0,100,0,100
Ward_78,0,0,100,0,100,0,100,0,100
Ward_79,0,0,100,0,100,0,100,0,100
Ward_8,0,0,100,0,100,0,100,0,100
Ward_80,0,100,0,100,0,100,0,100,0
Ward_81,0,0,100,0,100,0,100,0,100
Ward_82,0,0,100,0,100,0,100,0,100
Ward_83,0,0,100,0,100,0,100,0,100
Ward_84,0,0,100,0,100,0,100,0,100
Ward_85,0,0,100,0,100,0,100,0,100
Ward_86,0,0,100,0,100,0,100,0,100
Ward_87,0,0,100,0,100,0,100,0,100
Ward_88,0,0,100,0,100,0,100,0,100
Ward_89,0,0,100,0,100,0,100,0,100
Ward_9,0,0,100,0,100,0,100,0,100
Ward_90,0,0,100,0,100,0,100,0,100
Ward_91,0,0,100,0,100,0,100,0,100
Ward_92,0,0,100,0,100,0,100,0,100
Ward_93,0,0,100,0,100,0,100,0,100
Ward_94,0,0,100,0,100,0,100,0,100
Ward_95,0,100,0,100,0,100,0,100,0
Ward_96,0,100,0,100,0,100,0,100,0
Ward_97,0,0,100,0,100,0,100,0,100
Ward_98,0,0,100,0,100,0,100,0,100
Ward_99,0,0,100,0,100,0,100,0,100
