LSOA_code,predicted_risk,risk_score
E01000002,-0.7948571,0.0
E01000003,-0.7948571,0.0
E01000006,0.094977714,13.537179
E01000008,-0.7948571,0.0
E01000009,-0.7948571,0.0
E01000012,0.094977714,13.537179
E01000013,0.094977714,13.537179
E01000014,-0.7948571,0.0
E01000015,0.094977714,13.537179
E01000017,0.094977714,13.537179
E01000019,-0.7948571,0.0
E01000020,0.094977714,13.537179
E01000021,-0.7948571,0.0
E01000022,-0.7948571,0.0
E01000024,-0.7948571,0.0
E01000025,0.094977714,13.537179
E01000027,-0.7948571,0.0
E01000028,-0.7948571,0.0
E01000029,0.094977714,13.537179
E01000030,-0.7948571,0.0
E01000032,-0.7948571,0.0
E01000033,-0.7948571,0.0
E01000034,-0.7948571,0.0
E01000035,-0.7948571,0.0
E01000036,0.99466944,27.224312
E01000038,-0.7948571,0.0
E01000039,-0.7948571,0.0
E01000041,-0.7948571,0.0
E01000043,-0.7948571,0.0
E01000044,-0.7948571,0.0
E01000045,0.99466944,27.224312
E01000046,-0.7948571,0.0
E01000049,0.094977714,13.537179
E01000052,0.094977714,13.537179
E01000053,-0.7948571,0.0
E01000055,-0.7948571,0.0
E01000056,1.832145,39.964943
E01000057,0.094977714,13.537179
E01000059,-0.7948571,0.0
E01000060,-0.7948571,0.0
E01000061,-0.7948571,0.0
E01000062,0.094977714,13.537179
E01000064,0.99466944,27.224312
E01000066,3.624483,67.23203
E01000068,-0.7948571,0.0
E01000069,-0.7948571,0.0
E01000070,-0.7948571,0.0
E01000071,0.094977714,13.537179
E01000073,-0.7948571,0.0
E01000074,-0.7948571,0.0
E01000075,1.832145,39.964943
E01000076,0.094977714,13.537179
E01000077,0.99466944,27.224312
E01000079,0.094977714,13.537179
E01000081,-0.7948571,0.0
E01000083,-0.7948571,0.0
E01000084,-0.7948571,0.0
E01000090,-0.7948571,0.0
E01000091,-0.7948571,0.0
E01000093,0.99466944,27.224312
E01000095,0.99466944,27.224312
E01000096,0.094977714,13.537179
E01000097,-0.7948571,0.0
E01000098,0.094977714,13.537179
E01000099,0.094977714,13.537179
E01000100,-0.7948571,0.0
E01000101,-0.7948571,0.0
E01000103,-0.7948571,0.0
E01000104,-0.7948571,0.0
E01000105,-0.7948571,0.0
E01000106,-0.7948571,0.0
E01000107,0.094977714,13.537179
E01000110,0.094977714,13.537179
E01000111,0.094977714,13.537179
E01000113,-0.7948571,0.0
E01000114,0.99466944,27.224312
E01000116,0.094977714,13.537179
E01000117,0.99466944,27.224312
E01000118,-0.7948571,0.0
E01000120,-0.7948571,0.0
E01000121,-0.7948571,0.0
E01000122,-0.7948571,0.0
E01000123,0.094977714,13.537179
E01000124,0.094977714,13.537179
E01000126,-0.7948571,0.0
E01000130,-0.7948571,0.0
E01000131,-0.7948571,0.0
E01000134,0.99466944,27.224312
E01000135,-0.7948571,0.0
E01000136,0.094977714,13.537179
E01000137,-0.7948571,0.0
E01000139,0.99466944,27.224312
E01000140,-0.7948571,0.0
E01000142,1.832145,39.964943
E01000143,-0.7948571,0.0
E01000145,-0.7948571,0.0
E01000146,0.094977714,13.537179
E01000151,-0.7948571,0.0
E01000152,0.094977714,13.537179
E01000153,0.094977714,13.537179
E01000154,-0.7948571,0.0
E01000156,0.99466944,27.224312
E01000157,-0.7948571,0.0
E01000158,0.094977714,13.537179
E01000159,0.094977714,13.537179
E01000160,0.094977714,13.537179
E01000161,0.094977714,13.537179
E01000162,-0.7948571,0.0
E01000163,0.094977714,13.537179
E01000164,-0.7948571,0.0
E01000166,0.99466944,27.224312
E01000167,0.99466944,27.224312
E01000168,0.094977714,13.537179
E01000169,-0.7948571,0.0
E01000170,-0.7948571,0.0
E01000171,-0.7948571,0.0
E01000173,-0.7948571,0.0
E01000174,-0.7948571,0.0
E01000176,-0.7948571,0.0
E01000177,0.094977714,13.537179
E01000178,-0.7948571,0.0
E01000179,-0.7948571,0.0
E01000180,0.99466944,27.224312
E01000181,0.99466944,27.224312
E01000182,0.99466944,27.224312
E01000183,-0.7948571,0.0
E01000186,0.094977714,13.537179
E01000187,0.99466944,27.224312
E01000188,0.99466944,27.224312
E01000189,-0.7948571,0.0
E01000190,0.094977714,13.537179
E01000191,-0.7948571,0.0
E01000193,-0.7948571,0.0
E01000194,0.094977714,13.537179
E01000196,0.094977714,13.537179
E01000197,0.094977714,13.537179
E01000199,0.99466944,27.224312
E01000200,0.094977714,13.537179
E01000201,-0.7948571,0.0
E01000202,0.99466944,27.224312
E01000203,0.99466944,27.224312
E01000204,-0.7948571,0.0
E01000205,0.094977714,13.537179
E01000207,0.99466944,27.224312
E01000208,0.094977714,13.537179
E01000210,-0.7948571,0.0
E01000211,1.832145,39.964943
E01000213,0.094977714,13.537179
E01000214,0.094977714,13.537179
E01000215,-0.7948571,0.0
E01000216,-0.7948571,0.0
E01000217,-0.7948571,0.0
E01000218,-0.7948571,0.0
E01000219,-0.7948571,0.0
E01000220,0.094977714,13.537179
E01000221,0.99466944,27.224312
E01000222,0.094977714,13.537179
E01000223,0.094977714,13.537179
E01000224,-0.7948571,0.0
E01000225,0.094977714,13.537179
E01000226,-0.7948571,0.0
E01000227,0.99466944,27.224312
E01000228,-0.7948571,0.0
E01000229,-0.7948571,0.0
E01000230,0.99466944,27.224312
E01000231,0.99466944,27.224312
E01000232,3.624483,67.23203
E01000233,0.99466944,27.224312
E01000234,-0.7948571,0.0
E01000235,-0.7948571,0.0
E01000236,0.094977714,13.537179
E01000237,0.99466944,27.224312
E01000238,0.99466944,27.224312
E01000239,0.094977714,13.537179
E01000240,2.7299933,53.624035
E01000241,-0.7948571,0.0
E01000242,-0.7948571,0.0
E01000244,0.094977714,13.537179
E01000245,0.094977714,13.537179
E01000248,1.832145,39.964943
E01000249,0.094977714,13.537179
E01000251,0.99466944,27.224312
E01000252,-0.7948571,0.0
E01000253,0.094977714,13.537179
E01000254,0.99466944,27.224312
E01000255,0.99466944,27.224312
E01000256,1.832145,39.964943
E01000257,1.832145,39.964943
E01000258,-0.7948571,0.0
E01000259,0.094977714,13.537179
E01000260,0.99466944,27.224312
E01000261,0.094977714,13.537179
E01000263,-0.7948571,0.0
E01000264,2.7299933,53.624035
E01000266,0.094977714,13.537179
E01000267,-0.7948571,0.0
E01000268,-0.7948571,0.0
E01000270,0.094977714,13.537179
E01000271,2.7299933,53.624035
E01000272,-0.7948571,0.0
E01000273,0.99466944,27.224312
E01000274,-0.7948571,0.0
E01000275,-0.7948571,0.0
E01000277,-0.7948571,0.0
E01000278,-0.7948571,0.0
E01000280,-0.7948571,0.0
E01000282,-0.7948571,0.0
E01000283,0.094977714,13.537179
E01000284,-0.7948571,0.0
E01000285,-0.7948571,0.0
E01000286,-0.7948571,0.0
E01000289,-0.7948571,0.0
E01000290,-0.7948571,0.0
E01000291,0.094977714,13.537179
E01000292,-0.7948571,0.0
E01000293,-0.7948571,0.0
E01000295,-0.7948571,0.0
E01000296,2.7299933,53.624035
E01000297,-0.7948571,0.0
E01000298,0.094977714,13.537179
E01000299,-0.7948571,0.0
E01000301,2.7299933,53.624035
E01000302,0.094977714,13.537179
E01000303,-0.7948571,0.0
E01000304,0.094977714,13.537179
E01000306,0.094977714,13.537179
E01000307,0.99466944,27.224312
E01000308,-0.7948571,0.0
E01000310,0.99466944,27.224312
E01000311,1.832145,39.964943
E01000312,-0.7948571,0.0
E01000313,0.99466944,27.224312
E01000315,0.094977714,13.537179
E01000316,0.99466944,27.224312
E01000317,0.99466944,27.224312
E01000318,-0.7948571,0.0
E01000319,0.99466944,27.224312
E01000320,0.094977714,13.537179
E01000321,-0.7948571,0.0
E01000322,-0.7948571,0.0
E01000323,-0.7948571,0.0
E01000324,0.094977714,13.537179
E01000327,-0.7948571,0.0
E01000328,0.99466944,27.224312
E01000329,0.094977714,13.537179
E01000330,-0.7948571,0.0
E01000333,-0.7948571,0.0
E01000335,-0.7948571,0.0
E01000336,-0.7948571,0.0
E01000337,-0.7948571,0.0
E01000340,1.832145,39.964943
E01000343,0.094977714,13.537179
E01000349,-0.7948571,0.0
E01000351,-0.7948571,0.0
E01000352,-0.7948571,0.0
E01000354,-0.7948571,0.0
E01000358,0.094977714,13.537179
E01000360,0.99466944,27.224312
E01000361,-0.7948571,0.0
E01000367,2.7299933,53.624035
E01000370,-0.7948571,0.0
E01000371,-0.7948571,0.0
E01000372,-0.7948571,0.0
E01000373,-0.7948571,0.0
E01000376,-0.7948571,0.0
E01000380,0.094977714,13.537179
E01000383,0.99466944,27.224312
E01000384,-0.7948571,0.0
E01000386,0.094977714,13.537179
E01000388,-0.7948571,0.0
E01000391,-0.7948571,0.0
E01000392,2.7299933,53.624035
E01000395,-0.7948571,0.0
E01000396,0.094977714,13.537179
E01000399,0.99466944,27.224312
E01000400,0.094977714,13.537179
E01000402,-0.7948571,0.0
E01000403,0.094977714,13.537179
E01000404,-0.7948571,0.0
E01000407,-0.7948571,0.0
E01000408,-0.7948571,0.0
E01000409,-0.7948571,0.0
E01000410,0.094977714,13.537179
E01000412,-0.7948571,0.0
E01000414,3.624483,67.23203
E01000416,-0.7948571,0.0
E01000422,-0.7948571,0.0
E01000423,-0.7948571,0.0
E01000426,-0.7948571,0.0
E01000427,-0.7948571,0.0
E01000428,-0.7948571,0.0
E01000429,-0.7948571,0.0
E01000430,1.832145,39.964943
E01000431,-0.7948571,0.0
E01000436,-0.7948571,0.0
E01000437,-0.7948571,0.0
E01000444,2.7299933,53.624035
E01000445,0.99466944,27.224312
E01000446,-0.7948571,0.0
E01000447,0.99466944,27.224312
E01000448,0.094977714,13.537179
E01000449,-0.7948571,0.0
E01000452,-0.7948571,0.0
E01000453,-0.7948571,0.0
E01000454,-0.7948571,0.0
E01000455,0.99466944,27.224312
E01000456,-0.7948571,0.0
E01000457,3.624483,67.23203
E01000458,-0.7948571,0.0
E01000459,-0.7948571,0.0
E01000460,-0.7948571,0.0
E01000461,0.094977714,13.537179
E01000462,0.094977714,13.537179
E01000463,-0.7948571,0.0
E01000467,-0.7948571,0.0
E01000468,-0.7948571,0.0
E01000469,-0.7948571,0.0
E01000472,1.832145,39.964943
E01000473,-0.7948571,0.0
E01000477,0.99466944,27.224312
E01000479,-0.7948571,0.0
E01000480,-0.7948571,0.0
E01000483,-0.7948571,0.0
E01000487,0.99466944,27.224312
E01000488,0.094977714,13.537179
E01000489,0.094977714,13.537179
E01000490,0.99466944,27.224312
E01000491,1.832145,39.964943
E01000492,0.094977714,13.537179
E01000493,0.094977714,13.537179
E01000494,0.094977714,13.537179
E01000495,-0.7948571,0.0
E01000497,0.094977714,13.537179
E01000501,-0.7948571,0.0
E01000502,-0.7948571,0.0
E01000504,0.99466944,27.224312
E01000505,-0.7948571,0.0
E01000506,0.094977714,13.537179
E01000507,-0.7948571,0.0
E01000508,1.832145,39.964943
E01000509,-0.7948571,0.0
E01000510,0.094977714,13.537179
E01000511,0.99466944,27.224312
E01000512,-0.7948571,0.0
E01000513,0.99466944,27.224312
E01000515,-0.7948571,0.0
E01000517,-0.7948571,0.0
E01000518,0.094977714,13.537179
E01000520,-0.7948571,0.0
E01000521,0.094977714,13.537179
E01000522,-0.7948571,0.0
E01000523,1.832145,39.964943
E01000524,2.7299933,53.624035
E01000526,0.99466944,27.224312
E01000527,0.99466944,27.224312
E01000528,-0.7948571,0.0
E01000530,-0.7948571,0.0
E01000533,0.094977714,13.537179
E01000535,-0.7948571,0.0
E01000536,0.094977714,13.537179
E01000538,-0.7948571,0.0
E01000539,0.094977714,13.537179
E01000540,-0.7948571,0.0
E01000541,0.094977714,13.537179
E01000543,0.99466944,27.224312
E01000544,-0.7948571,0.0
E01000545,-0.7948571,0.0
E01000547,-0.7948571,0.0
E01000548,-0.7948571,0.0
E01000549,0.094977714,13.537179
E01000550,-0.7948571,0.0
E01000551,0.99466944,27.224312
E01000552,-0.7948571,0.0
E01000553,-0.7948571,0.0
E01000554,-0.7948571,0.0
E01000555,2.7299933,53.624035
E01000556,0.094977714,13.537179
E01000557,0.094977714,13.537179
E01000559,-0.7948571,0.0
E01000560,0.094977714,13.537179
E01000561,0.094977714,13.537179
E01000562,0.99466944,27.224312
E01000563,-0.7948571,0.0
E01000564,-0.7948571,0.0
E01000565,0.99466944,27.224312
E01000566,0.094977714,13.537179
E01000567,-0.7948571,0.0
E01000568,-0.7948571,0.0
E01000569,-0.7948571,0.0
E01000570,0.094977714,13.537179
E01000571,0.99466944,27.224312
E01000572,0.99466944,27.224312
E01000573,0.094977714,13.537179
E01000574,0.094977714,13.537179
E01000577,-0.7948571,0.0
E01000578,-0.7948571,0.0
E01000579,-0.7948571,0.0
E01000580,-0.7948571,0.0
E01000581,-0.7948571,0.0
E01000582,-0.7948571,0.0
E01000584,-0.7948571,0.0
E01000586,0.99466944,27.224312
E01000587,0.094977714,13.537179
E01000589,0.094977714,13.537179
E01000591,0.094977714,13.537179
E01000593,-0.7948571,0.0
E01000594,-0.7948571,0.0
E01000595,1.832145,39.964943
E01000596,0.094977714,13.537179
E01000601,0.99466944,27.224312
E01000603,-0.7948571,0.0
E01000605,-0.7948571,0.0
E01000606,-0.7948571,0.0
E01000608,0.094977714,13.537179
E01000610,-0.7948571,0.0
E01000611,0.99466944,27.224312
E01000612,0.094977714,13.537179
E01000615,0.094977714,13.537179
E01000617,-0.7948571,0.0
E01000618,1.832145,39.964943
E01000620,0.094977714,13.537179
E01000621,0.094977714,13.537179
E01000622,-0.7948571,0.0
E01000623,0.094977714,13.537179
E01000624,1.832145,39.964943
E01000625,-0.7948571,0.0
E01000626,0.99466944,27.224312
E01000627,-0.7948571,0.0
E01000628,0.99466944,27.224312
E01000629,0.094977714,13.537179
E01000630,0.094977714,13.537179
E01000631,-0.7948571,0.0
E01000633,0.99466944,27.224312
E01000634,-0.7948571,0.0
E01000636,-0.7948571,0.0
E01000637,0.094977714,13.537179
E01000638,0.99466944,27.224312
E01000639,0.094977714,13.537179
E01000640,-0.7948571,0.0
E01000641,-0.7948571,0.0
E01000642,2.7299933,53.624035
E01000643,-0.7948571,0.0
E01000645,0.094977714,13.537179
E01000646,-0.7948571,0.0
E01000647,-0.7948571,0.0
E01000648,-0.7948571,0.0
E01000649,-0.7948571,0.0
E01000652,-0.7948571,0.0
E01000653,0.99466944,27.224312
E01000654,1.832145,39.964943
E01000655,-0.7948571,0.0
E01000656,0.094977714,13.537179
E01000657,-0.7948571,0.0
E01000658,-0.7948571,0.0
E01000661,-0.7948571,0.0
E01000662,-0.7948571,0.0
E01000663,0.094977714,13.537179
E01000664,-0.7948571,0.0
E01000666,0.094977714,13.537179
E01000668,-0.7948571,0.0
E01000670,-0.7948571,0.0
E01000671,-0.7948571,0.0
E01000672,0.094977714,13.537179
E01000673,0.094977714,13.537179
E01000674,0.094977714,13.537179
E01000676,-0.7948571,0.0
E01000677,0.094977714,13.537179
E01000678,-0.7948571,0.0
E01000679,-0.7948571,0.0
E01000680,2.7299933,53.624035
E01000681,-0.7948571,0.0
E01000682,-0.7948571,0.0
E01000683,-0.7948571,0.0
E01000684,0.094977714,13.537179
E01000685,0.094977714,13.537179
E01000686,-0.7948571,0.0
E01000687,-0.7948571,0.0
E01000688,0.094977714,13.537179
E01000689,-0.7948571,0.0
E01000694,0.094977714,13.537179
E01000695,0.094977714,13.537179
E01000700,-0.7948571,0.0
E01000701,0.094977714,13.537179
E01000703,2.7299933,53.624035
E01000704,0.99466944,27.224312
E01000705,-0.7948571,0.0
E01000706,-0.7948571,0.0
E01000707,1.832145,39.964943
E01000708,1.832145,39.964943
E01000711,-0.7948571,0.0
E01000713,0.094977714,13.537179
E01000714,1.832145,39.964943
E01000715,-0.7948571,0.0
E01000716,-0.7948571,0.0
E01000717,-0.7948571,0.0
E01000719,0.99466944,27.224312
E01000720,-0.7948571,0.0
E01000722,0.99466944,27.224312
E01000723,0.094977714,13.537179
E01000724,1.832145,39.964943
E01000725,0.99466944,27.224312
E01000728,0.094977714,13.537179
E01000730,-0.7948571,0.0
E01000731,-0.7948571,0.0
E01000732,-0.7948571,0.0
E01000733,0.99466944,27.224312
E01000735,-0.7948571,0.0
E01000737,0.094977714,13.537179
E01000738,-0.7948571,0.0
E01000739,0.094977714,13.537179
E01000742,0.094977714,13.537179
E01000743,-0.7948571,0.0
E01000744,0.99466944,27.224312
E01000745,-0.7948571,0.0
E01000746,0.99466944,27.224312
E01000747,-0.7948571,0.0
E01000748,0.99466944,27.224312
E01000749,-0.7948571,0.0
E01000750,-0.7948571,0.0
E01000751,-0.7948571,0.0
E01000752,-0.7948571,0.0
E01000754,-0.7948571,0.0
E01000756,-0.7948571,0.0
E01000757,-0.7948571,0.0
E01000759,0.99466944,27.224312
E01000760,-0.7948571,0.0
E01000762,-0.7948571,0.0
E01000765,-0.7948571,0.0
E01000767,0.094977714,13.537179
E01000769,0.094977714,13.537179
E01000770,-0.7948571,0.0
E01000771,-0.7948571,0.0
E01000773,-0.7948571,0.0
E01000774,0.094977714,13.537179
E01000775,0.094977714,13.537179
E01000777,0.094977714,13.537179
E01000780,0.094977714,13.537179
E01000781,0.094977714,13.537179
E01000782,0.094977714,13.537179
E01000783,0.99466944,27.224312
E01000784,-0.7948571,0.0
E01000785,0.094977714,13.537179
E01000786,-0.7948571,0.0
E01000787,-0.7948571,0.0
E01000788,-0.7948571,0.0
E01000789,2.7299933,53.624035
E01000790,0.99466944,27.224312
E01000791,0.094977714,13.537179
E01000792,0.99466944,27.224312
E01000793,-0.7948571,0.0
E01000796,-0.7948571,0.0
E01000797,2.7299933,53.624035
E01000799,-0.7948571,0.0
E01000800,0.99466944,27.224312
E01000801,-0.7948571,0.0
E01000802,-0.7948571,0.0
E01000803,-0.7948571,0.0
E01000804,-0.7948571,0.0
E01000805,-0.7948571,0.0
E01000806,0.094977714,13.537179
E01000808,-0.7948571,0.0
E01000811,-0.7948571,0.0
E01000813,-0.7948571,0.0
E01000814,0.094977714,13.537179
E01000816,-0.7948571,0.0
E01000818,0.99466944,27.224312
E01000820,0.99466944,27.224312
E01000823,0.99466944,27.224312
E01000824,-0.7948571,0.0
E01000829,-0.7948571,0.0
E01000830,0.094977714,13.537179
E01000831,-0.7948571,0.0
E01000832,-0.7948571,0.0
E01000835,2.7299933,53.624035
E01000837,-0.7948571,0.0
E01000838,0.094977714,13.537179
E01000840,0.094977714,13.537179
E01000841,0.094977714,13.537179
E01000842,-0.7948571,0.0
E01000843,0.094977714,13.537179
E01000845,0.094977714,13.537179
E01000846,-0.7948571,0.0
E01000850,2.7299933,53.624035
E01000851,0.99466944,27.224312
E01000853,-0.7948571,0.0
E01000855,1.832145,39.964943
E01000856,0.094977714,13.537179
E01000857,0.094977714,13.537179
E01000858,0.094977714,13.537179
E01000859,-0.7948571,0.0
E01000861,0.094977714,13.537179
E01000862,-0.7948571,0.0
E01000863,2.7299933,53.624035
E01000866,0.99466944,27.224312
E01000867,0.094977714,13.537179
E01000868,-0.7948571,0.0
E01000869,0.094977714,13.537179
E01000872,0.094977714,13.537179
E01000873,-0.7948571,0.0
E01000874,-0.7948571,0.0
E01000875,-0.7948571,0.0
E01000876,-0.7948571,0.0
E01000877,0.094977714,13.537179
E01000878,0.094977714,13.537179
E01000879,-0.7948571,0.0
E01000880,0.99466944,27.224312
E01000882,-0.7948571,0.0
E01000883,1.832145,39.964943
E01000884,-0.7948571,0.0
E01000885,-0.7948571,0.0
E01000886,-0.7948571,0.0
E01000887,1.832145,39.964943
E01000889,0.99466944,27.224312
E01000890,-0.7948571,0.0
E01000891,-0.7948571,0.0
E01000892,3.624483,67.23203
E01000895,1.832145,39.964943
E01000896,-0.7948571,0.0
E01000897,-0.7948571,0.0
E01000898,-0.7948571,0.0
E01000899,0.99466944,27.224312
E01000900,0.99466944,27.224312
E01000904,-0.7948571,0.0
E01000908,0.094977714,13.537179
E01000909,0.094977714,13.537179
E01000910,0.99466944,27.224312
E01000911,-0.7948571,0.0
E01000913,1.832145,39.964943
E01000914,3.624483,67.23203
E01000916,0.094977714,13.537179
E01000918,2.7299933,53.624035
E01000919,5.141309,90.30771
E01000920,0.99466944,27.224312
E01000921,0.094977714,13.537179
E01000922,0.094977714,13.537179
E01000923,0.094977714,13.537179
E01000925,0.99466944,27.224312
E01000926,0.99466944,27.224312
E01000927,-0.7948571,0.0
E01000928,0.99466944,27.224312
E01000929,-0.7948571,0.0
E01000930,-0.7948571,0.0
E01000931,-0.7948571,0.0
E01000932,-0.7948571,0.0
E01000935,-0.7948571,0.0
E01000939,0.094977714,13.537179
E01000942,0.094977714,13.537179
E01000943,-0.7948571,0.0
E01000947,0.99466944,27.224312
E01000948,-0.7948571,0.0
E01000951,-0.7948571,0.0
E01000952,-0.7948571,0.0
E01000955,0.094977714,13.537179
E01000958,-0.7948571,0.0
E01000959,-0.7948571,0.0
E01000960,-0.7948571,0.0
E01000961,0.99466944,27.224312
E01000962,0.094977714,13.537179
E01000964,-0.7948571,0.0
E01000965,0.094977714,13.537179
E01000966,-0.7948571,0.0
E01000967,-0.7948571,0.0
E01000970,-0.7948571,0.0
E01000971,-0.7948571,0.0
E01000972,-0.7948571,0.0
E01000973,0.99466944,27.224312
E01000974,0.094977714,13.537179
E01000976,-0.7948571,0.0
E01000978,0.094977714,13.537179
E01000979,0.99466944,27.224312
E01000980,-0.7948571,0.0
E01000982,-0.7948571,0.0
E01000983,0.094977714,13.537179
E01000984,-0.7948571,0.0
E01000985,0.094977714,13.537179
E01000986,-0.7948571,0.0
E01000987,-0.7948571,0.0
E01000991,1.832145,39.964943
E01000992,0.094977714,13.537179
E01000993,0.094977714,13.537179
E01000994,0.99466944,27.224312
E01000995,0.99466944,27.224312
E01000999,0.094977714,13.537179
E01001000,-0.7948571,0.0
E01001002,-0.7948571,0.0
E01001003,0.094977714,13.537179
E01001004,-0.7948571,0.0
E01001006,0.094977714,13.537179
E01001007,-0.7948571,0.0
E01001009,0.094977714,13.537179
E01001010,0.99466944,27.224312
E01001011,0.094977714,13.537179
E01001012,0.094977714,13.537179
E01001013,-0.7948571,0.0
E01001015,-0.7948571,0.0
E01001016,0.094977714,13.537179
E01001018,-0.7948571,0.0
E01001021,-0.7948571,0.0
E01001022,-0.7948571,0.0
E01001028,-0.7948571,0.0
E01001029,1.832145,39.964943
E01001030,-0.7948571,0.0
E01001031,0.094977714,13.537179
E01001033,-0.7948571,0.0
E01001034,0.99466944,27.224312
E01001036,0.99466944,27.224312
E01001037,0.094977714,13.537179
E01001038,0.094977714,13.537179
E01001040,0.094977714,13.537179
E01001041,-0.7948571,0.0
E01001042,-0.7948571,0.0
E01001044,0.094977714,13.537179
E01001049,0.094977714,13.537179
E01001051,-0.7948571,0.0
E01001053,-0.7948571,0.0
E01001054,0.094977714,13.537179
E01001056,0.99466944,27.224312
E01001059,-0.7948571,0.0
E01001060,0.094977714,13.537179
E01001061,-0.7948571,0.0
E01001062,0.094977714,13.537179
E01001063,0.094977714,13.537179
E01001064,1.832145,39.964943
E01001067,0.094977714,13.537179
E01001068,-0.7948571,0.0
E01001069,-0.7948571,0.0
E01001071,-0.7948571,0.0
E01001073,0.094977714,13.537179
E01001074,0.99466944,27.224312
E01001075,-0.7948571,0.0
E01001076,-0.7948571,0.0
E01001079,-0.7948571,0.0
E01001080,-0.7948571,0.0
E01001082,-0.7948571,0.0
E01001083,-0.7948571,0.0
E01001084,-0.7948571,0.0
E01001085,0.99466944,27.224312
E01001086,0.094977714,13.537179
E01001087,0.094977714,13.537179
E01001088,-0.7948571,0.0
E01001089,0.99466944,27.224312
E01001090,2.7299933,53.624035
E01001091,0.094977714,13.537179
E01001092,0.99466944,27.224312
E01001093,2.7299933,53.624035
E01001094,-0.7948571,0.0
E01001097,4.523861,80.91439
E01001098,-0.7948571,0.0
E01001099,-0.7948571,0.0
E01001100,-0.7948571,0.0
E01001104,0.094977714,13.537179
E01001105,-0.7948571,0.0
E01001109,0.094977714,13.537179
E01001110,0.094977714,13.537179
E01001112,-0.7948571,0.0
E01001113,2.7299933,53.624035
E01001115,-0.7948571,0.0
E01001118,-0.7948571,0.0
E01001120,-0.7948571,0.0
E01001122,0.094977714,13.537179
E01001123,-0.7948571,0.0
E01001127,-0.7948571,0.0
E01001134,-0.7948571,0.0
E01001135,0.094977714,13.537179
E01001137,0.99466944,27.224312
E01001138,0.094977714,13.537179
E01001139,0.094977714,13.537179
E01001140,-0.7948571,0.0
E01001141,0.094977714,13.537179
E01001142,1.832145,39.964943
E01001143,-0.7948571,0.0
E01001144,-0.7948571,0.0
E01001145,0.094977714,13.537179
E01001146,-0.7948571,0.0
E01001147,-0.7948571,0.0
E01001148,-0.7948571,0.0
E01001150,-0.7948571,0.0
E01001151,1.832145,39.964943
E01001152,0.99466944,27.224312
E01001153,-0.7948571,0.0
E01001155,0.99466944,27.224312
E01001156,-0.7948571,0.0
E01001157,-0.7948571,0.0
E01001158,0.99466944,27.224312
E01001159,0.094977714,13.537179
E01001160,0.094977714,13.537179
E01001161,0.094977714,13.537179
E01001162,0.094977714,13.537179
E01001164,2.7299933,53.624035
E01001165,0.99466944,27.224312
E01001166,1.832145,39.964943
E01001167,0.094977714,13.537179
E01001168,-0.7948571,0.0
E01001169,1.832145,39.964943
E01001170,-0.7948571,0.0
E01001171,0.094977714,13.537179
E01001172,-0.7948571,0.0
E01001173,-0.7948571,0.0
E01001174,0.094977714,13.537179
E01001175,0.094977714,13.537179
E01001176,-0.7948571,0.0
E01001177,-0.7948571,0.0
E01001178,0.094977714,13.537179
E01001179,4.523861,80.91439
E01001180,0.99466944,27.224312
E01001182,-0.7948571,0.0
E01001183,0.094977714,13.537179
E01001184,-0.7948571,0.0
E01001185,-0.7948571,0.0
E01001186,-0.7948571,0.0
E01001187,-0.7948571,0.0
E01001188,-0.7948571,0.0
E01001189,-0.7948571,0.0
E01001190,-0.7948571,0.0
E01001195,-0.7948571,0.0
E01001196,0.99466944,27.224312
E01001197,-0.7948571,0.0
E01001198,-0.7948571,0.0
E01001199,-0.7948571,0.0
E01001200,0.094977714,13.537179
E01001201,0.094977714,13.537179
E01001202,-0.7948571,0.0
E01001204,0.094977714,13.537179
E01001205,0.094977714,13.537179
E01001208,0.094977714,13.537179
E01001210,-0.7948571,0.0
E01001211,-0.7948571,0.0
E01001212,-0.7948571,0.0
E01001213,-0.7948571,0.0
E01001214,-0.7948571,0.0
E01001215,-0.7948571,0.0
E01001216,0.094977714,13.537179
E01001217,-0.7948571,0.0
E01001224,-0.7948571,0.0
E01001225,-0.7948571,0.0
E01001227,-0.7948571,0.0
E01001228,-0.7948571,0.0
E01001229,-0.7948571,0.0
E01001230,0.094977714,13.537179
E01001231,1.832145,39.964943
E01001232,0.094977714,13.537179
E01001234,0.094977714,13.537179
E01001235,-0.7948571,0.0
E01001240,0.094977714,13.537179
E01001241,1.832145,39.964943
E01001243,-0.7948571,0.0
E01001245,0.094977714,13.537179
E01001246,0.094977714,13.537179
E01001247,1.832145,39.964943
E01001248,-0.7948571,0.0
E01001249,0.094977714,13.537179
E01001250,0.094977714,13.537179
E01001251,-0.7948571,0.0
E01001252,-0.7948571,0.0
E01001254,-0.7948571,0.0
E01001255,0.094977714,13.537179
E01001257,-0.7948571,0.0
E01001258,0.094977714,13.537179
E01001259,-0.7948571,0.0
E01001260,-0.7948571,0.0
E01001261,0.99466944,27.224312
E01001263,0.094977714,13.537179
E01001264,-0.7948571,0.0
E01001265,0.094977714,13.537179
E01001266,1.832145,39.964943
E01001267,0.094977714,13.537179
E01001268,-0.7948571,0.0
E01001269,0.094977714,13.537179
E01001270,0.99466944,27.224312
E01001271,0.094977714,13.537179
E01001272,-0.7948571,0.0
E01001273,2.7299933,53.624035
E01001274,-0.7948571,0.0
E01001276,0.094977714,13.537179
E01001277,0.094977714,13.537179
E01001278,0.094977714,13.537179
E01001279,0.094977714,13.537179
E01001281,0.094977714,13.537179
E01001282,-0.7948571,0.0
E01001283,0.99466944,27.224312
E01001284,-0.7948571,0.0
E01001285,-0.7948571,0.0
E01001286,0.094977714,13.537179
E01001287,-0.7948571,0.0
E01001288,0.094977714,13.537179
E01001290,-0.7948571,0.0
E01001291,0.99466944,27.224312
E01001292,0.094977714,13.537179
E01001293,0.094977714,13.537179
E01001294,0.094977714,13.537179
E01001296,-0.7948571,0.0
E01001298,-0.7948571,0.0
E01001299,-0.7948571,0.0
E01001301,0.094977714,13.537179
E01001302,-0.7948571,0.0
E01001303,-0.7948571,0.0
E01001305,-0.7948571,0.0
E01001306,-0.7948571,0.0
E01001307,0.094977714,13.537179
E01001308,-0.7948571,0.0
E01001309,2.7299933,53.624035
E01001310,0.094977714,13.537179
E01001311,-0.7948571,0.0
E01001312,0.99466944,27.224312
E01001313,-0.7948571,0.0
E01001314,1.832145,39.964943
E01001315,0.99466944,27.224312
E01001317,-0.7948571,0.0
E01001320,-0.7948571,0.0
E01001321,0.99466944,27.224312
E01001322,1.832145,39.964943
E01001323,-0.7948571,0.0
E01001325,0.99466944,27.224312
E01001326,0.99466944,27.224312
E01001327,-0.7948571,0.0
E01001328,-0.7948571,0.0
E01001329,0.094977714,13.537179
E01001330,0.99466944,27.224312
E01001331,-0.7948571,0.0
E01001332,-0.7948571,0.0
E01001333,0.99466944,27.224312
E01001334,0.99466944,27.224312
E01001335,0.99466944,27.224312
E01001336,-0.7948571,0.0
E01001337,0.094977714,13.537179
E01001338,0.094977714,13.537179
E01001339,-0.7948571,0.0
E01001341,-0.7948571,0.0
E01001342,0.094977714,13.537179
E01001343,-0.7948571,0.0
E01001345,0.094977714,13.537179
E01001346,0.094977714,13.537179
E01001347,0.094977714,13.537179
E01001348,-0.7948571,0.0
E01001349,-0.7948571,0.0
E01001351,-0.7948571,0.0
E01001352,-0.7948571,0.0
E01001353,-0.7948571,0.0
E01001354,0.99466944,27.224312
E01001355,-0.7948571,0.0
E01001358,0.094977714,13.537179
E01001359,-0.7948571,0.0
E01001360,0.094977714,13.537179
E01001361,0.094977714,13.537179
E01001362,-0.7948571,0.0
E01001366,-0.7948571,0.0
E01001367,0.99466944,27.224312
E01001368,-0.7948571,0.0
E01001374,0.99466944,27.224312
E01001375,0.094977714,13.537179
E01001376,-0.7948571,0.0
E01001377,0.99466944,27.224312
E01001379,0.094977714,13.537179
E01001380,0.094977714,13.537179
E01001381,0.094977714,13.537179
E01001383,0.094977714,13.537179
E01001385,-0.7948571,0.0
E01001386,0.094977714,13.537179
E01001388,-0.7948571,0.0
E01001389,-0.7948571,0.0
E01001390,1.832145,39.964943
E01001392,-0.7948571,0.0
E01001393,1.832145,39.964943
E01001394,-0.7948571,0.0
E01001395,0.99466944,27.224312
E01001396,0.094977714,13.537179
E01001397,-0.7948571,0.0
E01001398,0.094977714,13.537179
E01001400,-0.7948571,0.0
E01001401,0.99466944,27.224312
E01001402,0.094977714,13.537179
E01001403,0.094977714,13.537179
E01001404,-0.7948571,0.0
E01001405,-0.7948571,0.0
E01001406,-0.7948571,0.0
E01001408,-0.7948571,0.0
E01001409,0.094977714,13.537179
E01001410,-0.7948571,0.0
E01001413,2.7299933,53.624035
E01001414,-0.7948571,0.0
E01001415,0.99466944,27.224312
E01001416,-0.7948571,0.0
E01001417,-0.7948571,0.0
E01001418,0.99466944,27.224312
E01001419,0.99466944,27.224312
E01001420,-0.7948571,0.0
E01001421,-0.7948571,0.0
E01001422,0.094977714,13.537179
E01001423,0.094977714,13.537179
E01001425,2.7299933,53.624035
E01001426,0.99466944,27.224312
E01001427,0.094977714,13.537179
E01001428,-0.7948571,0.0
E01001429,0.094977714,13.537179
E01001430,0.094977714,13.537179
E01001433,-0.7948571,0.0
E01001434,0.094977714,13.537179
E01001435,0.094977714,13.537179
E01001436,-0.7948571,0.0
E01001437,0.99466944,27.224312
E01001439,-0.7948571,0.0
E01001440,0.094977714,13.537179
E01001442,-0.7948571,0.0
E01001445,3.624483,67.23203
E01001446,0.99466944,27.224312
E01001447,-0.7948571,0.0
E01001448,1.832145,39.964943
E01001449,0.094977714,13.537179
E01001450,-0.7948571,0.0
E01001451,0.094977714,13.537179
E01001452,-0.7948571,0.0
E01001453,0.094977714,13.537179
E01001454,0.094977714,13.537179
E01001457,0.094977714,13.537179
E01001458,-0.7948571,0.0
E01001459,0.094977714,13.537179
E01001461,-0.7948571,0.0
E01001463,0.094977714,13.537179
E01001464,0.99466944,27.224312
E01001465,0.094977714,13.537179
E01001466,-0.7948571,0.0
E01001467,0.99466944,27.224312
E01001468,-0.7948571,0.0
E01001469,-0.7948571,0.0
E01001470,-0.7948571,0.0
E01001473,0.094977714,13.537179
E01001474,-0.7948571,0.0
E01001475,-0.7948571,0.0
E01001476,0.094977714,13.537179
E01001478,-0.7948571,0.0
E01001479,-0.7948571,0.0
E01001480,0.99466944,27.224312
E01001481,0.094977714,13.537179
E01001482,-0.7948571,0.0
E01001483,0.99466944,27.224312
E01001484,0.094977714,13.537179
E01001485,0.094977714,13.537179
E01001486,-0.7948571,0.0
E01001488,-0.7948571,0.0
E01001489,0.094977714,13.537179
E01001492,-0.7948571,0.0
E01001493,-0.7948571,0.0
E01001495,-0.7948571,0.0
E01001496,0.99466944,27.224312
E01001497,0.99466944,27.224312
E01001498,0.99466944,27.224312
E01001499,0.99466944,27.224312
E01001500,1.832145,39.964943
E01001501,0.99466944,27.224312
E01001502,-0.7948571,0.0
E01001503,0.094977714,13.537179
E01001504,-0.7948571,0.0
E01001505,-0.7948571,0.0
E01001507,0.094977714,13.537179
E01001508,-0.7948571,0.0
E01001509,-0.7948571,0.0
E01001511,-0.7948571,0.0
E01001513,0.094977714,13.537179
E01001514,-0.7948571,0.0
E01001516,0.094977714,13.537179
E01001517,-0.7948571,0.0
E01001518,0.094977714,13.537179
E01001520,-0.7948571,0.0
E01001521,0.094977714,13.537179
E01001522,-0.7948571,0.0
E01001524,-0.7948571,0.0
E01001527,0.99466944,27.224312
E01001529,-0.7948571,0.0
E01001530,-0.7948571,0.0
E01001531,0.094977714,13.537179
E01001532,-0.7948571,0.0
E01001533,0.094977714,13.537179
E01001534,-0.7948571,0.0
E01001535,-0.7948571,0.0
E01001536,0.094977714,13.537179
E01001537,0.094977714,13.537179
E01001539,1.832145,39.964943
E01001540,0.094977714,13.537179
E01001542,-0.7948571,0.0
E01001543,0.094977714,13.537179
E01001544,0.094977714,13.537179
E01001545,-0.7948571,0.0
E01001546,0.094977714,13.537179
E01001548,0.094977714,13.537179
E01001549,1.832145,39.964943
E01001550,-0.7948571,0.0
E01001551,-0.7948571,0.0
E01001552,-0.7948571,0.0
E01001553,0.99466944,27.224312
E01001554,-0.7948571,0.0
E01001556,-0.7948571,0.0
E01001557,0.094977714,13.537179
E01001558,0.99466944,27.224312
E01001560,-0.7948571,0.0
E01001562,0.094977714,13.537179
E01001563,-0.7948571,0.0
E01001564,-0.7948571,0.0
E01001565,0.99466944,27.224312
E01001567,0.094977714,13.537179
E01001568,0.094977714,13.537179
E01001569,-0.7948571,0.0
E01001570,0.99466944,27.224312
E01001571,-0.7948571,0.0
E01001573,-0.7948571,0.0
E01001574,0.094977714,13.537179
E01001577,-0.7948571,0.0
E01001578,2.7299933,53.624035
E01001580,-0.7948571,0.0
E01001581,-0.7948571,0.0
E01001582,0.094977714,13.537179
E01001583,0.99466944,27.224312
E01001584,-0.7948571,0.0
E01001586,1.832145,39.964943
E01001587,0.99466944,27.224312
E01001588,2.7299933,53.624035
E01001589,3.624483,67.23203
E01001590,-0.7948571,0.0
E01001591,0.99466944,27.224312
E01001592,-0.7948571,0.0
E01001593,2.7299933,53.624035
E01001594,-0.7948571,0.0
E01001595,-0.7948571,0.0
E01001597,0.094977714,13.537179
E01001598,1.832145,39.964943
E01001599,0.094977714,13.537179
E01001600,-0.7948571,0.0
E01001601,0.094977714,13.537179
E01001602,-0.7948571,0.0
E01001604,0.094977714,13.537179
E01001605,0.99466944,27.224312
E01001606,0.094977714,13.537179
E01001607,0.094977714,13.537179
E01001608,0.99466944,27.224312
E01001609,0.094977714,13.537179
E01001610,-0.7948571,0.0
E01001613,0.99466944,27.224312
E01001614,0.094977714,13.537179
E01001615,0.094977714,13.537179
E01001618,-0.7948571,0.0
E01001619,-0.7948571,0.0
E01001620,-0.7948571,0.0
E01001621,-0.7948571,0.0
E01001624,-0.7948571,0.0
E01001625,0.094977714,13.537179
E01001629,-0.7948571,0.0
E01001631,0.094977714,13.537179
E01001632,-0.7948571,0.0
E01001633,0.094977714,13.537179
E01001634,-0.7948571,0.0
E01001635,0.094977714,13.537179
E01001636,0.99466944,27.224312
E01001637,-0.7948571,0.0
E01001638,-0.7948571,0.0
E01001641,1.832145,39.964943
E01001642,-0.7948571,0.0
E01001644,-0.7948571,0.0
E01001645,0.094977714,13.537179
E01001646,0.094977714,13.537179
E01001647,0.094977714,13.537179
E01001648,0.094977714,13.537179
E01001649,0.094977714,13.537179
E01001650,-0.7948571,0.0
E01001651,0.094977714,13.537179
E01001652,0.094977714,13.537179
E01001654,0.99466944,27.224312
E01001655,-0.7948571,0.0
E01001659,1.832145,39.964943
E01001661,-0.7948571,0.0
E01001669,-0.7948571,0.0
E01001671,0.99466944,27.224312
E01001672,0.99466944,27.224312
E01001673,-0.7948571,0.0
E01001674,-0.7948571,0.0
E01001675,0.99466944,27.224312
E01001676,1.832145,39.964943
E01001678,0.094977714,13.537179
E01001679,1.832145,39.964943
E01001680,0.094977714,13.537179
E01001681,0.094977714,13.537179
E01001682,-0.7948571,0.0
E01001683,-0.7948571,0.0
E01001684,0.094977714,13.537179
E01001685,0.094977714,13.537179
E01001686,0.094977714,13.537179
E01001687,0.094977714,13.537179
E01001688,0.094977714,13.537179
E01001692,-0.7948571,0.0
E01001693,0.99466944,27.224312
E01001694,-0.7948571,0.0
E01001696,-0.7948571,0.0
E01001697,1.832145,39.964943
E01001699,-0.7948571,0.0
E01001700,0.094977714,13.537179
E01001702,-0.7948571,0.0
E01001703,0.094977714,13.537179
E01001704,-0.7948571,0.0
E01001705,0.094977714,13.537179
E01001712,0.99466944,27.224312
E01001714,0.094977714,13.537179
E01001715,-0.7948571,0.0
E01001716,0.094977714,13.537179
E01001717,-0.7948571,0.0
E01001718,0.094977714,13.537179
E01001720,0.094977714,13.537179
E01001730,-0.7948571,0.0
E01001731,0.094977714,13.537179
E01001734,0.094977714,13.537179
E01001735,-0.7948571,0.0
E01001736,-0.7948571,0.0
E01001737,0.094977714,13.537179
E01001738,0.094977714,13.537179
E01001739,0.99466944,27.224312
E01001740,-0.7948571,0.0
E01001741,-0.7948571,0.0
E01001742,0.094977714,13.537179
E01001744,-0.7948571,0.0
E01001745,-0.7948571,0.0
E01001747,-0.7948571,0.0
E01001749,0.094977714,13.537179
E01001750,0.99466944,27.224312
E01001751,2.7299933,53.624035
E01001753,-0.7948571,0.0
E01001755,0.094977714,13.537179
E01001756,1.832145,39.964943
E01001758,-0.7948571,0.0
E01001762,-0.7948571,0.0
E01001764,-0.7948571,0.0
E01001765,0.094977714,13.537179
E01001767,0.99466944,27.224312
E01001768,0.99466944,27.224312
E01001769,-0.7948571,0.0
E01001773,-0.7948571,0.0
E01001774,-0.7948571,0.0
E01001775,0.094977714,13.537179
E01001777,0.99466944,27.224312
E01001780,-0.7948571,0.0
E01001781,0.094977714,13.537179
E01001783,-0.7948571,0.0
E01001784,-0.7948571,0.0
E01001785,0.094977714,13.537179
E01001787,-0.7948571,0.0
E01001793,-0.7948571,0.0
E01001794,-0.7948571,0.0
E01001798,0.094977714,13.537179
E01001799,0.094977714,13.537179
E01001804,-0.7948571,0.0
E01001805,-0.7948571,0.0
E01001806,1.832145,39.964943
E01001807,0.094977714,13.537179
E01001815,-0.7948571,0.0
E01001816,-0.7948571,0.0
E01001819,0.094977714,13.537179
E01001820,-0.7948571,0.0
E01001824,0.094977714,13.537179
E01001825,0.094977714,13.537179
E01001826,0.094977714,13.537179
E01001829,-0.7948571,0.0
E01001830,0.094977714,13.537179
E01001831,0.99466944,27.224312
E01001832,0.99466944,27.224312
E01001833,0.99466944,27.224312
E01001836,0.094977714,13.537179
E01001837,-0.7948571,0.0
E01001838,-0.7948571,0.0
E01001839,-0.7948571,0.0
E01001840,0.094977714,13.537179
E01001841,-0.7948571,0.0
E01001843,0.094977714,13.537179
E01001845,-0.7948571,0.0
E01001847,-0.7948571,0.0
E01001848,-0.7948571,0.0
E01001849,0.99466944,27.224312
E01001851,-0.7948571,0.0
E01001853,0.094977714,13.537179
E01001854,0.094977714,13.537179
E01001855,0.094977714,13.537179
E01001856,-0.7948571,0.0
E01001857,0.094977714,13.537179
E01001858,0.094977714,13.537179
E01001860,0.99466944,27.224312
E01001861,0.094977714,13.537179
E01001862,-0.7948571,0.0
E01001863,-0.7948571,0.0
E01001864,-0.7948571,0.0
E01001866,0.094977714,13.537179
E01001867,-0.7948571,0.0
E01001868,-0.7948571,0.0
E01001869,0.99466944,27.224312
E01001870,-0.7948571,0.0
E01001871,0.99466944,27.224312
E01001872,-0.7948571,0.0
E01001873,-0.7948571,0.0
E01001875,0.094977714,13.537179
E01001877,-0.7948571,0.0
E01001878,-0.7948571,0.0
E01001879,-0.7948571,0.0
E01001880,-0.7948571,0.0
E01001881,0.094977714,13.537179
E01001882,-0.7948571,0.0
E01001884,-0.7948571,0.0
E01001885,0.094977714,13.537179
E01001886,0.99466944,27.224312
E01001887,-0.7948571,0.0
E01001888,0.99466944,27.224312
E01001889,0.094977714,13.537179
E01001892,-0.7948571,0.0
E01001894,-0.7948571,0.0
E01001895,0.094977714,13.537179
E01001896,-0.7948571,0.0
E01001897,0.094977714,13.537179
E01001898,-0.7948571,0.0
E01001899,-0.7948571,0.0
E01001900,-0.7948571,0.0
E01001902,0.094977714,13.537179
E01001904,0.99466944,27.224312
E01001905,1.832145,39.964943
E01001907,-0.7948571,0.0
E01001908,-0.7948571,0.0
E01001909,0.094977714,13.537179
E01001910,-0.7948571,0.0
E01001912,-0.7948571,0.0
E01001913,-0.7948571,0.0
E01001914,-0.7948571,0.0
E01001915,0.094977714,13.537179
E01001916,-0.7948571,0.0
E01001917,-0.7948571,0.0
E01001918,-0.7948571,0.0
E01001919,-0.7948571,0.0
E01001920,-0.7948571,0.0
E01001921,0.094977714,13.537179
E01001922,1.832145,39.964943
E01001923,-0.7948571,0.0
E01001924,-0.7948571,0.0
E01001925,0.094977714,13.537179
E01001926,0.99466944,27.224312
E01001927,0.094977714,13.537179
E01001928,1.832145,39.964943
E01001929,0.094977714,13.537179
E01001930,0.094977714,13.537179
E01001931,-0.7948571,0.0
E01001933,0.094977714,13.537179
E01001937,0.99466944,27.224312
E01001938,-0.7948571,0.0
E01001940,-0.7948571,0.0
E01001941,0.99466944,27.224312
E01001942,-0.7948571,0.0
E01001943,3.624483,67.23203
E01001944,-0.7948571,0.0
E01001945,-0.7948571,0.0
E01001946,-0.7948571,0.0
E01001948,0.094977714,13.537179
E01001949,-0.7948571,0.0
E01001950,-0.7948571,0.0
E01001951,0.094977714,13.537179
E01001952,2.7299933,53.624035
E01001953,-0.7948571,0.0
E01001955,-0.7948571,0.0
E01001958,-0.7948571,0.0
E01001959,2.7299933,53.624035
E01001960,-0.7948571,0.0
E01001961,-0.7948571,0.0
E01001963,1.832145,39.964943
E01001964,-0.7948571,0.0
E01001965,-0.7948571,0.0
E01001967,-0.7948571,0.0
E01001968,0.094977714,13.537179
E01001969,0.094977714,13.537179
E01001970,0.094977714,13.537179
E01001971,0.094977714,13.537179
E01001972,0.094977714,13.537179
E01001973,1.832145,39.964943
E01001974,0.99466944,27.224312
E01001975,1.832145,39.964943
E01001977,0.094977714,13.537179
E01001978,0.99466944,27.224312
E01001979,2.7299933,53.624035
E01001980,0.99466944,27.224312
E01001981,-0.7948571,0.0
E01001982,1.832145,39.964943
E01001983,-0.7948571,0.0
E01001984,0.99466944,27.224312
E01001985,-0.7948571,0.0
E01001986,0.094977714,13.537179
E01001988,-0.7948571,0.0
E01001989,0.99466944,27.224312
E01001990,3.624483,67.23203
E01001991,-0.7948571,0.0
E01001992,0.094977714,13.537179
E01001993,-0.7948571,0.0
E01001994,0.094977714,13.537179
E01001997,-0.7948571,0.0
E01001998,-0.7948571,0.0
E01001999,0.99466944,27.224312
E01002000,0.094977714,13.537179
E01002002,-0.7948571,0.0
E01002003,0.99466944,27.224312
E01002004,-0.7948571,0.0
E01002005,0.99466944,27.224312
E01002007,0.99466944,27.224312
E01002009,1.832145,39.964943
E01002011,0.99466944,27.224312
E01002013,-0.7948571,0.0
E01002014,-0.7948571,0.0
E01002016,-0.7948571,0.0
E01002018,0.094977714,13.537179
E01002019,-0.7948571,0.0
E01002020,0.99466944,27.224312
E01002021,0.094977714,13.537179
E01002022,0.094977714,13.537179
E01002023,0.99466944,27.224312
E01002024,-0.7948571,0.0
E01002027,-0.7948571,0.0
E01002028,-0.7948571,0.0
E01002029,0.094977714,13.537179
E01002030,-0.7948571,0.0
E01002031,-0.7948571,0.0
E01002032,-0.7948571,0.0
E01002033,-0.7948571,0.0
E01002034,-0.7948571,0.0
E01002036,-0.7948571,0.0
E01002037,0.99466944,27.224312
E01002038,-0.7948571,0.0
E01002040,0.094977714,13.537179
E01002043,-0.7948571,0.0
E01002044,0.99466944,27.224312
E01002045,1.832145,39.964943
E01002046,1.832145,39.964943
E01002047,1.832145,39.964943
E01002049,1.832145,39.964943
E01002050,0.094977714,13.537179
E01002052,-0.7948571,0.0
E01002053,0.094977714,13.537179
E01002054,-0.7948571,0.0
E01002055,-0.7948571,0.0
E01002056,-0.7948571,0.0
E01002057,-0.7948571,0.0
E01002058,1.832145,39.964943
E01002059,-0.7948571,0.0
E01002060,-0.7948571,0.0
E01002061,-0.7948571,0.0
E01002062,2.7299933,53.624035
E01002064,-0.7948571,0.0
E01002065,-0.7948571,0.0
E01002066,0.99466944,27.224312
E01002067,0.99466944,27.224312
E01002068,-0.7948571,0.0
E01002069,-0.7948571,0.0
E01002070,2.7299933,53.624035
E01002071,-0.7948571,0.0
E01002072,1.832145,39.964943
E01002073,-0.7948571,0.0
E01002074,0.094977714,13.537179
E01002075,1.832145,39.964943
E01002076,-0.7948571,0.0
E01002077,0.094977714,13.537179
E01002078,0.094977714,13.537179
E01002079,-0.7948571,0.0
E01002081,-0.7948571,0.0
E01002082,-0.7948571,0.0
E01002083,-0.7948571,0.0
E01002084,3.624483,67.23203
E01002085,0.094977714,13.537179
E01002086,-0.7948571,0.0
E01002087,0.094977714,13.537179
E01002088,-0.7948571,0.0
E01002091,1.832145,39.964943
E01002092,-0.7948571,0.0
E01002093,-0.7948571,0.0
E01002094,0.99466944,27.224312
E01002095,-0.7948571,0.0
E01002096,-0.7948571,0.0
E01002098,0.094977714,13.537179
E01002099,-0.7948571,0.0
E01002100,0.094977714,13.537179
E01002101,-0.7948571,0.0
E01002102,0.094977714,13.537179
E01002103,1.832145,39.964943
E01002104,-0.7948571,0.0
E01002105,-0.7948571,0.0
E01002106,1.832145,39.964943
E01002107,-0.7948571,0.0
E01002108,-0.7948571,0.0
E01002110,0.094977714,13.537179
E01002111,0.99466944,27.224312
E01002112,-0.7948571,0.0
E01002113,0.094977714,13.537179
E01002116,0.094977714,13.537179
E01002118,-0.7948571,0.0
E01002119,0.094977714,13.537179
E01002121,0.094977714,13.537179
E01002122,0.094977714,13.537179
E01002123,0.99466944,27.224312
E01002124,-0.7948571,0.0
E01002125,-0.7948571,0.0
E01002127,0.99466944,27.224312
E01002128,0.094977714,13.537179
E01002130,0.99466944,27.224312
E01002131,-0.7948571,0.0
E01002133,0.094977714,13.537179
E01002135,0.094977714,13.537179
E01002138,-0.7948571,0.0
E01002139,-0.7948571,0.0
E01002140,0.99466944,27.224312
E01002141,-0.7948571,0.0
E01002142,0.99466944,27.224312
E01002143,0.094977714,13.537179
E01002145,-0.7948571,0.0
E01002146,0.094977714,13.537179
E01002147,-0.7948571,0.0
E01002148,0.094977714,13.537179
E01002149,0.99466944,27.224312
E01002150,1.832145,39.964943
E01002152,0.094977714,13.537179
E01002156,0.99466944,27.224312
E01002157,-0.7948571,0.0
E01002159,0.094977714,13.537179
E01002160,0.094977714,13.537179
E01002162,-0.7948571,0.0
E01002164,-0.7948571,0.0
E01002165,-0.7948571,0.0
E01002166,-0.7948571,0.0
E01002167,-0.7948571,0.0
E01002170,0.094977714,13.537179
E01002173,0.99466944,27.224312
E01002174,-0.7948571,0.0
E01002175,-0.7948571,0.0
E01002176,-0.7948571,0.0
E01002178,-0.7948571,0.0
E01002179,0.094977714,13.537179
E01002181,-0.7948571,0.0
E01002182,-0.7948571,0.0
E01002183,-0.7948571,0.0
E01002186,0.094977714,13.537179
E01002187,0.094977714,13.537179
E01002189,0.094977714,13.537179
E01002190,0.094977714,13.537179
E01002191,-0.7948571,0.0
E01002192,-0.7948571,0.0
E01002193,0.99466944,27.224312
E01002194,-0.7948571,0.0
E01002201,-0.7948571,0.0
E01002202,0.99466944,27.224312
E01002203,-0.7948571,0.0
E01002204,-0.7948571,0.0
E01002207,0.094977714,13.537179
E01002208,0.094977714,13.537179
E01002210,0.094977714,13.537179
E01002211,0.094977714,13.537179
E01002212,0.094977714,13.537179
E01002214,0.99466944,27.224312
E01002215,-0.7948571,0.0
E01002216,-0.7948571,0.0
E01002217,-0.7948571,0.0
E01002218,-0.7948571,0.0
E01002219,1.832145,39.964943
E01002220,-0.7948571,0.0
E01002222,0.094977714,13.537179
E01002223,0.99466944,27.224312
E01002224,-0.7948571,0.0
E01002226,-0.7948571,0.0
E01002227,0.094977714,13.537179
E01002231,0.094977714,13.537179
E01002232,0.094977714,13.537179
E01002233,0.99466944,27.224312
E01002235,0.99466944,27.224312
E01002241,-0.7948571,0.0
E01002242,0.094977714,13.537179
E01002243,-0.7948571,0.0
E01002244,-0.7948571,0.0
E01002245,0.094977714,13.537179
E01002246,0.094977714,13.537179
E01002247,0.094977714,13.537179
E01002248,-0.7948571,0.0
E01002250,-0.7948571,0.0
E01002253,0.094977714,13.537179
E01002254,-0.7948571,0.0
E01002257,-0.7948571,0.0
E01002262,-0.7948571,0.0
E01002263,-0.7948571,0.0
E01002267,0.094977714,13.537179
E01002268,-0.7948571,0.0
E01002269,-0.7948571,0.0
E01002274,0.094977714,13.537179
E01002275,0.99466944,27.224312
E01002276,2.7299933,53.624035
E01002277,2.7299933,53.624035
E01002278,0.99466944,27.224312
E01002279,3.624483,67.23203
E01002280,0.99466944,27.224312
E01002281,1.832145,39.964943
E01002282,0.094977714,13.537179
E01002283,2.7299933,53.624035
E01002288,0.99466944,27.224312
E01002291,0.99466944,27.224312
E01002292,-0.7948571,0.0
E01002294,3.624483,67.23203
E01002295,-0.7948571,0.0
E01002296,0.99466944,27.224312
E01002297,1.832145,39.964943
E01002298,0.094977714,13.537179
E01002299,1.832145,39.964943
E01002300,2.7299933,53.624035
E01002301,-0.7948571,0.0
E01002302,-0.7948571,0.0
E01002304,-0.7948571,0.0
E01002306,0.094977714,13.537179
E01002309,0.99466944,27.224312
E01002310,0.99466944,27.224312
E01002312,0.094977714,13.537179
E01002314,0.094977714,13.537179
E01002315,0.094977714,13.537179
E01002316,0.99466944,27.224312
E01002317,0.094977714,13.537179
E01002320,1.832145,39.964943
E01002321,-0.7948571,0.0
E01002322,-0.7948571,0.0
E01002323,0.99466944,27.224312
E01002326,-0.7948571,0.0
E01002327,-0.7948571,0.0
E01002330,0.094977714,13.537179
E01002332,-0.7948571,0.0
E01002334,-0.7948571,0.0
E01002335,-0.7948571,0.0
E01002337,0.094977714,13.537179
E01002345,-0.7948571,0.0
E01002346,-0.7948571,0.0
E01002347,-0.7948571,0.0
E01002348,-0.7948571,0.0
E01002350,0.094977714,13.537179
E01002353,-0.7948571,0.0
E01002354,-0.7948571,0.0
E01002355,0.094977714,13.537179
E01002356,0.094977714,13.537179
E01002358,-0.7948571,0.0
E01002359,-0.7948571,0.0
E01002360,-0.7948571,0.0
E01002363,-0.7948571,0.0
E01002364,0.094977714,13.537179
E01002365,0.094977714,13.537179
E01002366,0.094977714,13.537179
E01002368,0.99466944,27.224312
E01002369,0.094977714,13.537179
E01002370,0.99466944,27.224312
E01002373,-0.7948571,0.0
E01002374,-0.7948571,0.0
E01002375,-0.7948571,0.0
E01002376,-0.7948571,0.0
E01002377,-0.7948571,0.0
E01002378,0.094977714,13.537179
E01002380,0.094977714,13.537179
E01002381,0.094977714,13.537179
E01002383,-0.7948571,0.0
E01002384,-0.7948571,0.0
E01002385,0.094977714,13.537179
E01002387,-0.7948571,0.0
E01002388,-0.7948571,0.0
E01002390,0.094977714,13.537179
E01002391,0.094977714,13.537179
E01002392,0.094977714,13.537179
E01002393,2.7299933,53.624035
E01002394,0.094977714,13.537179
E01002395,0.99466944,27.224312
E01002396,1.832145,39.964943
E01002397,0.094977714,13.537179
E01002398,-0.7948571,0.0
E01002399,-0.7948571,0.0
E01002401,-0.7948571,0.0
E01002402,-0.7948571,0.0
E01002403,0.99466944,27.224312
E01002404,-0.7948571,0.0
E01002405,-0.7948571,0.0
E01002408,-0.7948571,0.0
E01002409,-0.7948571,0.0
E01002410,2.7299933,53.624035
E01002411,-0.7948571,0.0
E01002412,0.094977714,13.537179
E01002413,0.094977714,13.537179
E01002414,-0.7948571,0.0
E01002416,-0.7948571,0.0
E01002417,-0.7948571,0.0
E01002419,1.832145,39.964943
E01002420,0.094977714,13.537179
E01002421,1.832145,39.964943
E01002422,0.094977714,13.537179
E01002423,-0.7948571,0.0
E01002427,-0.7948571,0.0
E01002428,0.094977714,13.537179
E01002429,-0.7948571,0.0
E01002430,-0.7948571,0.0
E01002435,-0.7948571,0.0
E01002442,-0.7948571,0.0
E01002444,2.7299933,53.624035
E01002445,-0.7948571,0.0
E01002446,0.094977714,13.537179
E01002447,0.99466944,27.224312
E01002448,0.99466944,27.224312
E01002449,1.832145,39.964943
E01002450,0.094977714,13.537179
E01002451,0.99466944,27.224312
E01002452,0.094977714,13.537179
E01002454,0.094977714,13.537179
E01002455,-0.7948571,0.0
E01002457,-0.7948571,0.0
E01002459,0.99466944,27.224312
E01002460,0.094977714,13.537179
E01002461,0.094977714,13.537179
E01002463,0.094977714,13.537179
E01002465,0.094977714,13.537179
E01002466,-0.7948571,0.0
E01002467,0.094977714,13.537179
E01002469,-0.7948571,0.0
E01002470,-0.7948571,0.0
E01002471,-0.7948571,0.0
E01002473,-0.7948571,0.0
E01002475,0.094977714,13.537179
E01002477,-0.7948571,0.0
E01002481,-0.7948571,0.0
E01002483,-0.7948571,0.0
E01002485,1.832145,39.964943
E01002487,0.094977714,13.537179
E01002488,0.99466944,27.224312
E01002489,-0.7948571,0.0
E01002490,0.094977714,13.537179
E01002493,0.094977714,13.537179
E01002494,-0.7948571,0.0
E01002495,0.094977714,13.537179
E01002496,-0.7948571,0.0
E01002497,0.094977714,13.537179
E01002499,0.094977714,13.537179
E01002502,-0.7948571,0.0
E01002503,0.094977714,13.537179
E01002505,-0.7948571,0.0
E01002506,2.7299933,53.624035
E01002507,0.094977714,13.537179
E01002508,0.094977714,13.537179
E01002509,0.094977714,13.537179
E01002511,-0.7948571,0.0
E01002512,-0.7948571,0.0
E01002513,0.094977714,13.537179
E01002514,-0.7948571,0.0
E01002518,-0.7948571,0.0
E01002519,0.99466944,27.224312
E01002520,0.094977714,13.537179
E01002521,2.7299933,53.624035
E01002523,-0.7948571,0.0
E01002525,0.094977714,13.537179
E01002527,0.99466944,27.224312
E01002528,0.094977714,13.537179
E01002529,-0.7948571,0.0
E01002530,0.99466944,27.224312
E01002531,0.99466944,27.224312
E01002533,-0.7948571,0.0
E01002535,0.094977714,13.537179
E01002536,-0.7948571,0.0
E01002537,-0.7948571,0.0
E01002541,0.094977714,13.537179
E01002542,0.094977714,13.537179
E01002543,0.094977714,13.537179
E01002545,-0.7948571,0.0
E01002546,0.99466944,27.224312
E01002547,-0.7948571,0.0
E01002548,0.094977714,13.537179
E01002549,0.99466944,27.224312
E01002550,0.094977714,13.537179
E01002551,0.094977714,13.537179
E01002553,2.7299933,53.624035
E01002555,-0.7948571,0.0
E01002559,-0.7948571,0.0
E01002561,-0.7948571,0.0
E01002565,-0.7948571,0.0
E01002569,2.7299933,53.624035
E01002570,-0.7948571,0.0
E01002571,0.094977714,13.537179
E01002573,0.99466944,27.224312
E01002575,0.094977714,13.537179
E01002577,0.094977714,13.537179
E01002578,1.832145,39.964943
E01002580,-0.7948571,0.0
E01002581,0.094977714,13.537179
E01002582,-0.7948571,0.0
E01002583,-0.7948571,0.0
E01002584,-0.7948571,0.0
E01002585,0.094977714,13.537179
E01002586,0.99466944,27.224312
E01002587,0.094977714,13.537179
E01002588,-0.7948571,0.0
E01002589,-0.7948571,0.0
E01002590,-0.7948571,0.0
E01002592,0.99466944,27.224312
E01002593,-0.7948571,0.0
E01002594,0.094977714,13.537179
E01002596,-0.7948571,0.0
E01002598,-0.7948571,0.0
E01002604,0.094977714,13.537179
E01002605,0.99466944,27.224312
E01002606,-0.7948571,0.0
E01002607,0.094977714,13.537179
E01002609,-0.7948571,0.0
E01002613,0.094977714,13.537179
E01002614,-0.7948571,0.0
E01002615,-0.7948571,0.0
E01002616,0.99466944,27.224312
E01002618,0.99466944,27.224312
E01002619,0.094977714,13.537179
E01002620,0.99466944,27.224312
E01002621,0.094977714,13.537179
E01002622,-0.7948571,0.0
E01002624,0.094977714,13.537179
E01002625,0.094977714,13.537179
E01002626,0.99466944,27.224312
E01002627,-0.7948571,0.0
E01002628,0.094977714,13.537179
E01002629,2.7299933,53.624035
E01002630,-0.7948571,0.0
E01002632,-0.7948571,0.0
E01002633,0.094977714,13.537179
E01002636,-0.7948571,0.0
E01002637,-0.7948571,0.0
E01002639,-0.7948571,0.0
E01002641,-0.7948571,0.0
E01002643,-0.7948571,0.0
E01002645,-0.7948571,0.0
E01002646,-0.7948571,0.0
E01002647,-0.7948571,0.0
E01002649,0.094977714,13.537179
E01002650,-0.7948571,0.0
E01002651,-0.7948571,0.0
E01002654,-0.7948571,0.0
E01002655,0.094977714,13.537179
E01002656,-0.7948571,0.0
E01002657,0.094977714,13.537179
E01002660,0.094977714,13.537179
E01002661,-0.7948571,0.0
E01002665,-0.7948571,0.0
E01002666,-0.7948571,0.0
E01002667,-0.7948571,0.0
E01002668,3.624483,67.23203
E01002670,-0.7948571,0.0
E01002671,-0.7948571,0.0
E01002672,-0.7948571,0.0
E01002674,0.094977714,13.537179
E01002675,-0.7948571,0.0
E01002676,-0.7948571,0.0
E01002677,0.094977714,13.537179
E01002678,0.094977714,13.537179
E01002679,0.094977714,13.537179
E01002682,-0.7948571,0.0
E01002686,0.094977714,13.537179
E01002687,-0.7948571,0.0
E01002689,0.094977714,13.537179
E01002690,-0.7948571,0.0
E01002691,-0.7948571,0.0
E01002692,0.094977714,13.537179
E01002693,0.99466944,27.224312
E01002695,-0.7948571,0.0
E01002696,0.99466944,27.224312
E01002699,-0.7948571,0.0
E01002701,-0.7948571,0.0
E01002703,0.094977714,13.537179
E01002704,0.99466944,27.224312
E01002706,0.094977714,13.537179
E01002708,0.094977714,13.537179
E01002709,-0.7948571,0.0
E01002712,0.094977714,13.537179
E01002714,-0.7948571,0.0
E01002715,-0.7948571,0.0
E01002716,-0.7948571,0.0
E01002718,0.99466944,27.224312
E01002719,0.99466944,27.224312
E01002721,-0.7948571,0.0
E01002722,-0.7948571,0.0
E01002723,1.832145,39.964943
E01002724,2.7299933,53.624035
E01002725,-0.7948571,0.0
E01002726,0.094977714,13.537179
E01002727,-0.7948571,0.0
E01002728,-0.7948571,0.0
E01002730,1.832145,39.964943
E01002732,0.094977714,13.537179
E01002733,0.99466944,27.224312
E01002734,-0.7948571,0.0
E01002735,0.094977714,13.537179
E01002737,0.094977714,13.537179
E01002738,0.99466944,27.224312
E01002739,0.094977714,13.537179
E01002740,-0.7948571,0.0
E01002742,1.832145,39.964943
E01002743,-0.7948571,0.0
E01002744,0.094977714,13.537179
E01002745,0.094977714,13.537179
E01002747,1.832145,39.964943
E01002748,-0.7948571,0.0
E01002749,0.094977714,13.537179
E01002751,-0.7948571,0.0
E01002752,0.094977714,13.537179
E01002753,-0.7948571,0.0
E01002754,-0.7948571,0.0
E01002756,0.094977714,13.537179
E01002757,-0.7948571,0.0
E01002759,0.99466944,27.224312
E01002762,0.094977714,13.537179
E01002763,0.99466944,27.224312
E01002764,0.094977714,13.537179
E01002767,-0.7948571,0.0
E01002768,-0.7948571,0.0
E01002770,-0.7948571,0.0
E01002771,0.094977714,13.537179
E01002772,0.094977714,13.537179
E01002774,-0.7948571,0.0
E01002777,0.094977714,13.537179
E01002778,-0.7948571,0.0
E01002779,-0.7948571,0.0
E01002780,-0.7948571,0.0
E01002784,0.094977714,13.537179
E01002785,0.99466944,27.224312
E01002787,-0.7948571,0.0
E01002788,0.99466944,27.224312
E01002790,-0.7948571,0.0
E01002791,0.094977714,13.537179
E01002792,-0.7948571,0.0
E01002793,0.094977714,13.537179
E01002794,3.624483,67.23203
E01002795,0.094977714,13.537179
E01002797,0.99466944,27.224312
E01002798,0.094977714,13.537179
E01002799,-0.7948571,0.0
E01002800,-0.7948571,0.0
E01002801,-0.7948571,0.0
E01002802,0.094977714,13.537179
E01002804,-0.7948571,0.0
E01002805,0.094977714,13.537179
E01002806,0.094977714,13.537179
E01002808,0.094977714,13.537179
E01002809,0.094977714,13.537179
E01002810,0.094977714,13.537179
E01002812,0.094977714,13.537179
E01002813,-0.7948571,0.0
E01002814,0.094977714,13.537179
E01002815,0.99466944,27.224312
E01002816,-0.7948571,0.0
E01002817,-0.7948571,0.0
E01002819,0.99466944,27.224312
E01002821,0.094977714,13.537179
E01002823,0.094977714,13.537179
E01002826,1.832145,39.964943
E01002827,0.094977714,13.537179
E01002828,-0.7948571,0.0
E01002829,0.99466944,27.224312
E01002831,0.094977714,13.537179
E01002832,1.832145,39.964943
E01002834,-0.7948571,0.0
E01002835,0.094977714,13.537179
E01002836,0.094977714,13.537179
E01002839,-0.7948571,0.0
E01002840,-0.7948571,0.0
E01002841,-0.7948571,0.0
E01002844,-0.7948571,0.0
E01002845,-0.7948571,0.0
E01002847,-0.7948571,0.0
E01002848,-0.7948571,0.0
E01002850,-0.7948571,0.0
E01002851,-0.7948571,0.0
E01002852,2.7299933,53.624035
E01002853,-0.7948571,0.0
E01002854,0.99466944,27.224312
E01002855,-0.7948571,0.0
E01002856,-0.7948571,0.0
E01002858,-0.7948571,0.0
E01002860,0.99466944,27.224312
E01002861,0.094977714,13.537179
E01002864,-0.7948571,0.0
E01002867,-0.7948571,0.0
E01002868,-0.7948571,0.0
E01002869,0.094977714,13.537179
E01002871,0.99466944,27.224312
E01002872,-0.7948571,0.0
E01002873,-0.7948571,0.0
E01002874,0.094977714,13.537179
E01002875,0.99466944,27.224312
E01002876,0.99466944,27.224312
E01002877,-0.7948571,0.0
E01002878,0.99466944,27.224312
E01002881,-0.7948571,0.0
E01002882,0.094977714,13.537179
E01002883,0.094977714,13.537179
E01002884,-0.7948571,0.0
E01002885,-0.7948571,0.0
E01002886,0.094977714,13.537179
E01002887,0.094977714,13.537179
E01002889,-0.7948571,0.0
E01002890,0.094977714,13.537179
E01002894,-0.7948571,0.0
E01002897,0.094977714,13.537179
E01002898,0.094977714,13.537179
E01002906,-0.7948571,0.0
E01002909,0.094977714,13.537179
E01002910,-0.7948571,0.0
E01002911,-0.7948571,0.0
E01002912,-0.7948571,0.0
E01002914,0.99466944,27.224312
E01002916,-0.7948571,0.0
E01002918,-0.7948571,0.0
E01002919,1.832145,39.964943
E01002920,-0.7948571,0.0
E01002923,0.094977714,13.537179
E01002924,-0.7948571,0.0
E01002925,-0.7948571,0.0
E01002926,0.094977714,13.537179
E01002927,0.094977714,13.537179
E01002930,0.094977714,13.537179
E01002934,-0.7948571,0.0
E01002935,-0.7948571,0.0
E01002938,0.094977714,13.537179
E01002944,-0.7948571,0.0
E01002952,0.094977714,13.537179
E01002953,-0.7948571,0.0
E01002955,1.832145,39.964943
E01002956,0.99466944,27.224312
E01002960,-0.7948571,0.0
E01002961,-0.7948571,0.0
E01002962,-0.7948571,0.0
E01002963,-0.7948571,0.0
E01002964,-0.7948571,0.0
E01002965,-0.7948571,0.0
E01002967,-0.7948571,0.0
E01002968,1.832145,39.964943
E01002970,-0.7948571,0.0
E01002975,0.094977714,13.537179
E01002976,-0.7948571,0.0
E01002978,0.094977714,13.537179
E01002980,0.99466944,27.224312
E01002981,-0.7948571,0.0
E01002982,0.99466944,27.224312
E01002983,-0.7948571,0.0
E01002984,0.99466944,27.224312
E01002985,0.094977714,13.537179
E01002986,0.99466944,27.224312
E01002987,-0.7948571,0.0
E01002990,-0.7948571,0.0
E01002991,-0.7948571,0.0
E01002993,0.094977714,13.537179
E01002998,-0.7948571,0.0
E01002999,-0.7948571,0.0
E01003000,-0.7948571,0.0
E01003001,-0.7948571,0.0
E01003003,3.624483,67.23203
E01003006,-0.7948571,0.0
E01003008,-0.7948571,0.0
E01003011,0.99466944,27.224312
E01003014,-0.7948571,0.0
E01003016,-0.7948571,0.0
E01003017,0.094977714,13.537179
E01003018,0.094977714,13.537179
E01003019,0.094977714,13.537179
E01003021,-0.7948571,0.0
E01003022,0.094977714,13.537179
E01003023,-0.7948571,0.0
E01003024,-0.7948571,0.0
E01003026,0.094977714,13.537179
E01003027,-0.7948571,0.0
E01003029,0.094977714,13.537179
E01003030,-0.7948571,0.0
E01003031,-0.7948571,0.0
E01003032,-0.7948571,0.0
E01003035,0.99466944,27.224312
E01003037,-0.7948571,0.0
E01003038,0.99466944,27.224312
E01003039,0.99466944,27.224312
E01003041,-0.7948571,0.0
E01003042,0.99466944,27.224312
E01003043,0.094977714,13.537179
E01003045,-0.7948571,0.0
E01003046,-0.7948571,0.0
E01003050,-0.7948571,0.0
E01003051,-0.7948571,0.0
E01003052,-0.7948571,0.0
E01003053,0.99466944,27.224312
E01003054,-0.7948571,0.0
E01003055,-0.7948571,0.0
E01003056,0.094977714,13.537179
E01003057,0.094977714,13.537179
E01003058,-0.7948571,0.0
E01003059,-0.7948571,0.0
E01003060,-0.7948571,0.0
E01003061,0.094977714,13.537179
E01003062,0.094977714,13.537179
E01003064,-0.7948571,0.0
E01003065,-0.7948571,0.0
E01003067,0.094977714,13.537179
E01003069,0.094977714,13.537179
E01003074,0.094977714,13.537179
E01003076,0.094977714,13.537179
E01003077,0.99466944,27.224312
E01003079,0.094977714,13.537179
E01003082,-0.7948571,0.0
E01003083,-0.7948571,0.0
E01003084,-0.7948571,0.0
E01003087,0.094977714,13.537179
E01003088,-0.7948571,0.0
E01003089,-0.7948571,0.0
E01003091,-0.7948571,0.0
E01003092,-0.7948571,0.0
E01003093,0.094977714,13.537179
E01003096,-0.7948571,0.0
E01003099,0.094977714,13.537179
E01003105,-0.7948571,0.0
E01003110,-0.7948571,0.0
E01003113,1.832145,39.964943
E01003114,-0.7948571,0.0
E01003115,-0.7948571,0.0
E01003116,-0.7948571,0.0
E01003117,-0.7948571,0.0
E01003118,1.832145,39.964943
E01003119,-0.7948571,0.0
E01003120,-0.7948571,0.0
E01003126,-0.7948571,0.0
E01003130,-0.7948571,0.0
E01003132,0.094977714,13.537179
E01003133,4.523861,80.91439
E01003134,-0.7948571,0.0
E01003135,-0.7948571,0.0
E01003139,0.094977714,13.537179
E01003140,1.832145,39.964943
E01003142,0.094977714,13.537179
E01003144,0.99466944,27.224312
E01003145,2.7299933,53.624035
E01003146,0.99466944,27.224312
E01003147,-0.7948571,0.0
E01003148,-0.7948571,0.0
E01003149,-0.7948571,0.0
E01003150,-0.7948571,0.0
E01003152,-0.7948571,0.0
E01003153,0.99466944,27.224312
E01003155,-0.7948571,0.0
E01003156,-0.7948571,0.0
E01003157,0.99466944,27.224312
E01003158,-0.7948571,0.0
E01003159,0.094977714,13.537179
E01003160,-0.7948571,0.0
E01003161,-0.7948571,0.0
E01003163,0.094977714,13.537179
E01003165,-0.7948571,0.0
E01003166,0.094977714,13.537179
E01003167,0.99466944,27.224312
E01003169,0.094977714,13.537179
E01003170,-0.7948571,0.0
E01003171,-0.7948571,0.0
E01003172,1.832145,39.964943
E01003174,-0.7948571,0.0
E01003175,0.094977714,13.537179
E01003176,0.094977714,13.537179
E01003177,-0.7948571,0.0
E01003180,0.094977714,13.537179
E01003183,0.99466944,27.224312
E01003185,-0.7948571,0.0
E01003186,-0.7948571,0.0
E01003187,-0.7948571,0.0
E01003189,-0.7948571,0.0
E01003190,0.094977714,13.537179
E01003191,-0.7948571,0.0
E01003192,1.832145,39.964943
E01003193,-0.7948571,0.0
E01003194,0.99466944,27.224312
E01003196,-0.7948571,0.0
E01003199,-0.7948571,0.0
E01003200,-0.7948571,0.0
E01003201,-0.7948571,0.0
E01003203,0.094977714,13.537179
E01003204,0.094977714,13.537179
E01003207,0.094977714,13.537179
E01003209,-0.7948571,0.0
E01003210,0.094977714,13.537179
E01003211,0.99466944,27.224312
E01003212,0.99466944,27.224312
E01003213,1.832145,39.964943
E01003214,0.094977714,13.537179
E01003215,0.99466944,27.224312
E01003216,1.832145,39.964943
E01003217,0.094977714,13.537179
E01003219,-0.7948571,0.0
E01003220,-0.7948571,0.0
E01003221,-0.7948571,0.0
E01003223,-0.7948571,0.0
E01003226,0.094977714,13.537179
E01003228,0.094977714,13.537179
E01003229,0.094977714,13.537179
E01003230,0.99466944,27.224312
E01003231,1.832145,39.964943
E01003232,-0.7948571,0.0
E01003233,-0.7948571,0.0
E01003235,0.094977714,13.537179
E01003236,0.094977714,13.537179
E01003237,0.99466944,27.224312
E01003238,0.094977714,13.537179
E01003239,0.094977714,13.537179
E01003240,-0.7948571,0.0
E01003241,-0.7948571,0.0
E01003243,0.094977714,13.537179
E01003244,-0.7948571,0.0
E01003245,-0.7948571,0.0
E01003247,0.094977714,13.537179
E01003248,0.094977714,13.537179
E01003249,-0.7948571,0.0
E01003251,-0.7948571,0.0
E01003252,-0.7948571,0.0
E01003253,0.094977714,13.537179
E01003254,0.094977714,13.537179
E01003255,0.094977714,13.537179
E01003256,3.624483,67.23203
E01003257,-0.7948571,0.0
E01003258,0.094977714,13.537179
E01003259,0.99466944,27.224312
E01003262,0.99466944,27.224312
E01003263,0.094977714,13.537179
E01003264,0.094977714,13.537179
E01003265,-0.7948571,0.0
E01003266,0.094977714,13.537179
E01003267,0.99466944,27.224312
E01003268,0.094977714,13.537179
E01003270,-0.7948571,0.0
E01003271,-0.7948571,0.0
E01003272,0.094977714,13.537179
E01003273,0.094977714,13.537179
E01003274,-0.7948571,0.0
E01003276,1.832145,39.964943
E01003277,2.7299933,53.624035
E01003278,0.094977714,13.537179
E01003280,0.094977714,13.537179
E01003281,-0.7948571,0.0
E01003282,-0.7948571,0.0
E01003283,-0.7948571,0.0
E01003284,0.094977714,13.537179
E01003285,0.094977714,13.537179
E01003287,0.094977714,13.537179
E01003290,0.99466944,27.224312
E01003292,-0.7948571,0.0
E01003293,0.094977714,13.537179
E01003295,-0.7948571,0.0
E01003297,0.99466944,27.224312
E01003299,0.99466944,27.224312
E01003300,0.094977714,13.537179
E01003301,2.7299933,53.624035
E01003302,-0.7948571,0.0
E01003303,1.832145,39.964943
E01003304,0.99466944,27.224312
E01003307,-0.7948571,0.0
E01003308,1.832145,39.964943
E01003309,2.7299933,53.624035
E01003310,0.99466944,27.224312
E01003312,-0.7948571,0.0
E01003313,0.094977714,13.537179
E01003314,-0.7948571,0.0
E01003315,1.832145,39.964943
E01003318,3.624483,67.23203
E01003320,-0.7948571,0.0
E01003321,-0.7948571,0.0
E01003322,-0.7948571,0.0
E01003323,-0.7948571,0.0
E01003325,-0.7948571,0.0
E01003327,-0.7948571,0.0
E01003328,-0.7948571,0.0
E01003329,0.99466944,27.224312
E01003330,-0.7948571,0.0
E01003331,1.832145,39.964943
E01003332,0.094977714,13.537179
E01003333,1.832145,39.964943
E01003334,0.094977714,13.537179
E01003335,-0.7948571,0.0
E01003336,-0.7948571,0.0
E01003337,-0.7948571,0.0
E01003338,0.094977714,13.537179
E01003339,-0.7948571,0.0
E01003340,-0.7948571,0.0
E01003341,-0.7948571,0.0
E01003344,1.832145,39.964943
E01003345,-0.7948571,0.0
E01003346,-0.7948571,0.0
E01003347,-0.7948571,0.0
E01003349,0.094977714,13.537179
E01003351,-0.7948571,0.0
E01003352,-0.7948571,0.0
E01003353,-0.7948571,0.0
E01003354,0.094977714,13.537179
E01003355,0.094977714,13.537179
E01003356,1.832145,39.964943
E01003358,-0.7948571,0.0
E01003359,-0.7948571,0.0
E01003361,0.094977714,13.537179
E01003365,0.99466944,27.224312
E01003368,-0.7948571,0.0
E01003370,0.99466944,27.224312
E01003371,-0.7948571,0.0
E01003373,0.094977714,13.537179
E01003374,-0.7948571,0.0
E01003375,0.094977714,13.537179
E01003376,-0.7948571,0.0
E01003377,-0.7948571,0.0
E01003378,0.99466944,27.224312
E01003381,-0.7948571,0.0
E01003383,-0.7948571,0.0
E01003384,0.094977714,13.537179
E01003387,0.094977714,13.537179
E01003390,-0.7948571,0.0
E01003392,-0.7948571,0.0
E01003393,0.094977714,13.537179
E01003394,2.7299933,53.624035
E01003395,-0.7948571,0.0
E01003396,-0.7948571,0.0
E01003397,0.094977714,13.537179
E01003398,0.99466944,27.224312
E01003399,-0.7948571,0.0
E01003400,0.99466944,27.224312
E01003401,-0.7948571,0.0
E01003402,0.094977714,13.537179
E01003403,0.99466944,27.224312
E01003405,0.094977714,13.537179
E01003407,-0.7948571,0.0
E01003408,0.094977714,13.537179
E01003409,0.99466944,27.224312
E01003411,0.99466944,27.224312
E01003412,0.094977714,13.537179
E01003413,0.094977714,13.537179
E01003414,0.094977714,13.537179
E01003415,0.99466944,27.224312
E01003417,-0.7948571,0.0
E01003419,-0.7948571,0.0
E01003420,0.094977714,13.537179
E01003422,-0.7948571,0.0
E01003423,-0.7948571,0.0
E01003424,0.99466944,27.224312
E01003426,-0.7948571,0.0
E01003427,-0.7948571,0.0
E01003429,0.094977714,13.537179
E01003431,0.094977714,13.537179
E01003433,-0.7948571,0.0
E01003434,0.094977714,13.537179
E01003435,1.832145,39.964943
E01003436,0.094977714,13.537179
E01003437,1.832145,39.964943
E01003439,-0.7948571,0.0
E01003440,-0.7948571,0.0
E01003441,0.094977714,13.537179
E01003442,0.094977714,13.537179
E01003443,0.99466944,27.224312
E01003444,-0.7948571,0.0
E01003445,-0.7948571,0.0
E01003446,-0.7948571,0.0
E01003447,-0.7948571,0.0
E01003449,-0.7948571,0.0
E01003450,-0.7948571,0.0
E01003455,0.094977714,13.537179
E01003456,0.094977714,13.537179
E01003457,-0.7948571,0.0
E01003461,0.99466944,27.224312
E01003462,-0.7948571,0.0
E01003463,0.094977714,13.537179
E01003464,-0.7948571,0.0
E01003466,-0.7948571,0.0
E01003467,-0.7948571,0.0
E01003468,0.094977714,13.537179
E01003469,-0.7948571,0.0
E01003470,0.094977714,13.537179
E01003471,0.99466944,27.224312
E01003477,-0.7948571,0.0
E01003478,-0.7948571,0.0
E01003480,0.094977714,13.537179
E01003481,0.99466944,27.224312
E01003483,-0.7948571,0.0
E01003484,-0.7948571,0.0
E01003485,0.99466944,27.224312
E01003486,-0.7948571,0.0
E01003488,0.99466944,27.224312
E01003490,0.094977714,13.537179
E01003491,0.094977714,13.537179
E01003492,0.094977714,13.537179
E01003494,0.99466944,27.224312
E01003495,0.99466944,27.224312
E01003496,-0.7948571,0.0
E01003497,0.99466944,27.224312
E01003498,-0.7948571,0.0
E01003499,3.624483,67.23203
E01003500,-0.7948571,0.0
E01003501,0.99466944,27.224312
E01003502,-0.7948571,0.0
E01003503,-0.7948571,0.0
E01003507,0.094977714,13.537179
E01003508,0.094977714,13.537179
E01003513,-0.7948571,0.0
E01003514,-0.7948571,0.0
E01003515,-0.7948571,0.0
E01003517,-0.7948571,0.0
E01003518,0.99466944,27.224312
E01003519,-0.7948571,0.0
E01003520,0.99466944,27.224312
E01003521,0.094977714,13.537179
E01003523,0.094977714,13.537179
E01003524,-0.7948571,0.0
E01003525,-0.7948571,0.0
E01003526,0.99466944,27.224312
E01003527,0.99466944,27.224312
E01003528,-0.7948571,0.0
E01003529,0.094977714,13.537179
E01003532,-0.7948571,0.0
E01003533,-0.7948571,0.0
E01003534,1.832145,39.964943
E01003535,0.094977714,13.537179
E01003536,0.094977714,13.537179
E01003537,-0.7948571,0.0
E01003538,-0.7948571,0.0
E01003539,2.7299933,53.624035
E01003540,-0.7948571,0.0
E01003541,-0.7948571,0.0
E01003542,-0.7948571,0.0
E01003543,-0.7948571,0.0
E01003544,0.094977714,13.537179
E01003545,0.99466944,27.224312
E01003546,0.99466944,27.224312
E01003547,0.99466944,27.224312
E01003548,5.141309,90.30771
E01003549,3.624483,67.23203
E01003550,-0.7948571,0.0
E01003551,-0.7948571,0.0
E01003552,-0.7948571,0.0
E01003553,-0.7948571,0.0
E01003554,0.99466944,27.224312
E01003556,-0.7948571,0.0
E01003557,0.094977714,13.537179
E01003558,-0.7948571,0.0
E01003559,1.832145,39.964943
E01003561,0.094977714,13.537179
E01003562,-0.7948571,0.0
E01003564,0.094977714,13.537179
E01003566,0.094977714,13.537179
E01003570,-0.7948571,0.0
E01003572,-0.7948571,0.0
E01003574,0.094977714,13.537179
E01003575,-0.7948571,0.0
E01003576,-0.7948571,0.0
E01003578,0.99466944,27.224312
E01003579,0.094977714,13.537179
E01003580,0.99466944,27.224312
E01003581,0.094977714,13.537179
E01003582,0.094977714,13.537179
E01003583,-0.7948571,0.0
E01003584,-0.7948571,0.0
E01003586,0.094977714,13.537179
E01003587,-0.7948571,0.0
E01003589,0.094977714,13.537179
E01003591,0.094977714,13.537179
E01003592,0.094977714,13.537179
E01003593,-0.7948571,0.0
E01003594,0.094977714,13.537179
E01003595,0.094977714,13.537179
E01003596,-0.7948571,0.0
E01003597,-0.7948571,0.0
E01003598,-0.7948571,0.0
E01003601,0.094977714,13.537179
E01003602,0.094977714,13.537179
E01003603,0.99466944,27.224312
E01003604,0.094977714,13.537179
E01003605,0.99466944,27.224312
E01003607,0.094977714,13.537179
E01003611,0.094977714,13.537179
E01003615,3.624483,67.23203
E01003616,0.094977714,13.537179
E01003618,-0.7948571,0.0
E01003619,0.99466944,27.224312
E01003621,0.094977714,13.537179
E01003623,-0.7948571,0.0
E01003624,-0.7948571,0.0
E01003625,0.094977714,13.537179
E01003627,-0.7948571,0.0
E01003628,-0.7948571,0.0
E01003630,0.094977714,13.537179
E01003631,-0.7948571,0.0
E01003632,-0.7948571,0.0
E01003634,1.832145,39.964943
E01003636,-0.7948571,0.0
E01003637,1.832145,39.964943
E01003638,0.094977714,13.537179
E01003639,2.7299933,53.624035
E01003640,0.99466944,27.224312
E01003641,-0.7948571,0.0
E01003643,0.99466944,27.224312
E01003644,0.99466944,27.224312
E01003645,0.094977714,13.537179
E01003646,0.094977714,13.537179
E01003647,0.99466944,27.224312
E01003648,0.99466944,27.224312
E01003649,0.99466944,27.224312
E01003650,0.99466944,27.224312
E01003652,0.094977714,13.537179
E01003653,0.094977714,13.537179
E01003654,1.832145,39.964943
E01003655,0.99466944,27.224312
E01003657,0.094977714,13.537179
E01003658,0.094977714,13.537179
E01003659,1.832145,39.964943
E01003660,0.094977714,13.537179
E01003662,-0.7948571,0.0
E01003663,0.094977714,13.537179
E01003664,1.832145,39.964943
E01003666,0.094977714,13.537179
E01003668,0.094977714,13.537179
E01003669,0.99466944,27.224312
E01003670,-0.7948571,0.0
E01003671,0.094977714,13.537179
E01003673,0.094977714,13.537179
E01003674,0.99466944,27.224312
E01003675,0.99466944,27.224312
E01003677,0.99466944,27.224312
E01003679,0.094977714,13.537179
E01003680,0.99466944,27.224312
E01003681,0.99466944,27.224312
E01003682,0.99466944,27.224312
E01003683,0.094977714,13.537179
E01003684,0.094977714,13.537179
E01003686,-0.7948571,0.0
E01003688,-0.7948571,0.0
E01003689,0.99466944,27.224312
E01003690,0.99466944,27.224312
E01003691,0.094977714,13.537179
E01003692,-0.7948571,0.0
E01003693,0.094977714,13.537179
E01003695,0.094977714,13.537179
E01003696,-0.7948571,0.0
E01003697,0.99466944,27.224312
E01003698,-0.7948571,0.0
E01003699,0.094977714,13.537179
E01003700,1.832145,39.964943
E01003701,3.624483,67.23203
E01003702,0.094977714,13.537179
E01003703,0.094977714,13.537179
E01003704,0.094977714,13.537179
E01003705,0.99466944,27.224312
E01003706,0.99466944,27.224312
E01003707,0.99466944,27.224312
E01003710,-0.7948571,0.0
E01003711,0.094977714,13.537179
E01003712,0.094977714,13.537179
E01003713,1.832145,39.964943
E01003714,0.99466944,27.224312
E01003715,2.7299933,53.624035
E01003716,0.99466944,27.224312
E01003718,0.094977714,13.537179
E01003719,1.832145,39.964943
E01003720,0.094977714,13.537179
E01003721,-0.7948571,0.0
E01003722,0.094977714,13.537179
E01003724,-0.7948571,0.0
E01003725,0.99466944,27.224312
E01003726,0.99466944,27.224312
E01003727,0.99466944,27.224312
E01003729,0.094977714,13.537179
E01003730,-0.7948571,0.0
E01003731,-0.7948571,0.0
E01003732,-0.7948571,0.0
E01003733,-0.7948571,0.0
E01003734,-0.7948571,0.0
E01003736,0.99466944,27.224312
E01003737,0.99466944,27.224312
E01003738,0.99466944,27.224312
E01003739,-0.7948571,0.0
E01003740,-0.7948571,0.0
E01003741,1.832145,39.964943
E01003742,0.094977714,13.537179
E01003743,-0.7948571,0.0
E01003745,-0.7948571,0.0
E01003746,0.99466944,27.224312
E01003748,-0.7948571,0.0
E01003750,0.094977714,13.537179
E01003751,-0.7948571,0.0
E01003752,-0.7948571,0.0
E01003753,-0.7948571,0.0
E01003755,0.094977714,13.537179
E01003756,0.99466944,27.224312
E01003757,0.99466944,27.224312
E01003759,1.832145,39.964943
E01003761,0.99466944,27.224312
E01003762,1.832145,39.964943
E01003763,1.832145,39.964943
E01003764,0.99466944,27.224312
E01003765,-0.7948571,0.0
E01003766,-0.7948571,0.0
E01003767,0.094977714,13.537179
E01003768,0.094977714,13.537179
E01003769,0.99466944,27.224312
E01003770,0.99466944,27.224312
E01003771,0.99466944,27.224312
E01003772,0.094977714,13.537179
E01003773,0.99466944,27.224312
E01003775,0.094977714,13.537179
E01003777,0.99466944,27.224312
E01003778,0.99466944,27.224312
E01003781,1.832145,39.964943
E01003782,0.094977714,13.537179
E01003783,-0.7948571,0.0
E01003784,-0.7948571,0.0
E01003785,-0.7948571,0.0
E01003786,-0.7948571,0.0
E01003787,-0.7948571,0.0
E01003788,0.99466944,27.224312
E01003789,0.094977714,13.537179
E01003790,0.094977714,13.537179
E01003791,0.99466944,27.224312
E01003792,-0.7948571,0.0
E01003793,-0.7948571,0.0
E01003794,0.99466944,27.224312
E01003795,0.094977714,13.537179
E01003796,0.094977714,13.537179
E01003797,0.99466944,27.224312
E01003799,0.094977714,13.537179
E01003800,-0.7948571,0.0
E01003801,-0.7948571,0.0
E01003802,-0.7948571,0.0
E01003805,-0.7948571,0.0
E01003808,1.832145,39.964943
E01003812,0.094977714,13.537179
E01003813,-0.7948571,0.0
E01003814,0.094977714,13.537179
E01003815,0.99466944,27.224312
E01003817,0.094977714,13.537179
E01003818,-0.7948571,0.0
E01003820,-0.7948571,0.0
E01003821,-0.7948571,0.0
E01003822,0.094977714,13.537179
E01003824,0.094977714,13.537179
E01003825,-0.7948571,0.0
E01003826,0.094977714,13.537179
E01003827,1.832145,39.964943
E01003828,-0.7948571,0.0
E01003830,0.094977714,13.537179
E01003833,-0.7948571,0.0
E01003834,0.094977714,13.537179
E01003835,0.99466944,27.224312
E01003836,0.094977714,13.537179
E01003838,-0.7948571,0.0
E01003839,1.832145,39.964943
E01003840,0.094977714,13.537179
E01003841,0.094977714,13.537179
E01003842,0.99466944,27.224312
E01003843,0.094977714,13.537179
E01003844,-0.7948571,0.0
E01003846,-0.7948571,0.0
E01003848,-0.7948571,0.0
E01003851,0.99466944,27.224312
E01003852,0.99466944,27.224312
E01003853,1.832145,39.964943
E01003854,0.094977714,13.537179
E01003855,-0.7948571,0.0
E01003857,0.094977714,13.537179
E01003858,4.523861,80.91439
E01003860,0.99466944,27.224312
E01003861,0.094977714,13.537179
E01003862,0.094977714,13.537179
E01003863,0.094977714,13.537179
E01003865,0.094977714,13.537179
E01003866,-0.7948571,0.0
E01003867,-0.7948571,0.0
E01003868,0.094977714,13.537179
E01003869,-0.7948571,0.0
E01003871,0.094977714,13.537179
E01003873,-0.7948571,0.0
E01003874,0.094977714,13.537179
E01003875,-0.7948571,0.0
E01003876,0.094977714,13.537179
E01003877,-0.7948571,0.0
E01003878,-0.7948571,0.0
E01003880,-0.7948571,0.0
E01003882,-0.7948571,0.0
E01003884,0.99466944,27.224312
E01003885,0.094977714,13.537179
E01003886,0.094977714,13.537179
E01003887,2.7299933,53.624035
E01003889,-0.7948571,0.0
E01003890,2.7299933,53.624035
E01003891,-0.7948571,0.0
E01003893,-0.7948571,0.0
E01003895,-0.7948571,0.0
E01003896,-0.7948571,0.0
E01003897,0.094977714,13.537179
E01003899,0.094977714,13.537179
E01003900,-0.7948571,0.0
E01003901,0.99466944,27.224312
E01003903,0.094977714,13.537179
E01003904,0.094977714,13.537179
E01003905,0.094977714,13.537179
E01003906,0.99466944,27.224312
E01003907,0.094977714,13.537179
E01003908,0.99466944,27.224312
E01003909,0.094977714,13.537179
E01003912,-0.7948571,0.0
E01003913,-0.7948571,0.0
E01003914,2.7299933,53.624035
E01003916,-0.7948571,0.0
E01003918,0.094977714,13.537179
E01003919,-0.7948571,0.0
E01003920,0.99466944,27.224312
E01003923,-0.7948571,0.0
E01003929,2.7299933,53.624035
E01003932,-0.7948571,0.0
E01003933,-0.7948571,0.0
E01003934,-0.7948571,0.0
E01003936,-0.7948571,0.0
E01003937,-0.7948571,0.0
E01003938,-0.7948571,0.0
E01003942,-0.7948571,0.0
E01003945,1.832145,39.964943
E01003946,-0.7948571,0.0
E01003949,0.094977714,13.537179
E01003950,-0.7948571,0.0
E01003951,-0.7948571,0.0
E01003952,0.094977714,13.537179
E01003953,0.99466944,27.224312
E01003954,-0.7948571,0.0
E01003955,-0.7948571,0.0
E01003956,-0.7948571,0.0
E01003957,-0.7948571,0.0
E01003958,0.094977714,13.537179
E01003960,-0.7948571,0.0
E01003966,2.7299933,53.624035
E01003969,1.832145,39.964943
E01003973,-0.7948571,0.0
E01003976,0.094977714,13.537179
E01003980,1.832145,39.964943
E01003981,-0.7948571,0.0
E01003984,0.094977714,13.537179
E01003986,0.094977714,13.537179
E01003987,0.094977714,13.537179
E01003988,0.094977714,13.537179
E01003989,0.094977714,13.537179
E01003991,0.094977714,13.537179
E01003992,-0.7948571,0.0
E01003993,0.99466944,27.224312
E01003994,-0.7948571,0.0
E01003995,-0.7948571,0.0
E01003997,-0.7948571,0.0
E01004000,1.832145,39.964943
E01004001,-0.7948571,0.0
E01004002,0.094977714,13.537179
E01004004,-0.7948571,0.0
E01004005,-0.7948571,0.0
E01004007,-0.7948571,0.0
E01004010,-0.7948571,0.0
E01004012,-0.7948571,0.0
E01004013,-0.7948571,0.0
E01004015,-0.7948571,0.0
E01004016,0.094977714,13.537179
E01004018,0.094977714,13.537179
E01004019,-0.7948571,0.0
E01004020,-0.7948571,0.0
E01004021,-0.7948571,0.0
E01004023,0.99466944,27.224312
E01004024,-0.7948571,0.0
E01004029,-0.7948571,0.0
E01004031,0.094977714,13.537179
E01004032,0.99466944,27.224312
E01004033,-0.7948571,0.0
E01004034,-0.7948571,0.0
E01004036,0.094977714,13.537179
E01004037,0.99466944,27.224312
E01004038,0.99466944,27.224312
E01004040,0.094977714,13.537179
E01004042,0.094977714,13.537179
E01004043,0.094977714,13.537179
E01004047,-0.7948571,0.0
E01004052,0.094977714,13.537179
E01004054,0.094977714,13.537179
E01004055,-0.7948571,0.0
E01004056,-0.7948571,0.0
E01004057,0.094977714,13.537179
E01004058,0.094977714,13.537179
E01004059,2.7299933,53.624035
E01004061,-0.7948571,0.0
E01004062,1.832145,39.964943
E01004063,-0.7948571,0.0
E01004064,-0.7948571,0.0
E01004065,-0.7948571,0.0
E01004066,-0.7948571,0.0
E01004067,1.832145,39.964943
E01004068,1.832145,39.964943
E01004069,-0.7948571,0.0
E01004070,-0.7948571,0.0
E01004071,-0.7948571,0.0
E01004072,0.094977714,13.537179
E01004073,-0.7948571,0.0
E01004074,2.7299933,53.624035
E01004075,0.99466944,27.224312
E01004076,1.832145,39.964943
E01004077,-0.7948571,0.0
E01004078,-0.7948571,0.0
E01004079,0.99466944,27.224312
E01004080,0.99466944,27.224312
E01004081,-0.7948571,0.0
E01004082,1.832145,39.964943
E01004084,0.094977714,13.537179
E01004085,0.094977714,13.537179
E01004086,0.094977714,13.537179
E01004087,0.094977714,13.537179
E01004088,0.094977714,13.537179
E01004089,0.094977714,13.537179
E01004090,-0.7948571,0.0
E01004094,-0.7948571,0.0
E01004095,-0.7948571,0.0
E01004096,0.094977714,13.537179
E01004099,0.094977714,13.537179
E01004100,-0.7948571,0.0
E01004101,0.094977714,13.537179
E01004102,0.99466944,27.224312
E01004103,-0.7948571,0.0
E01004104,-0.7948571,0.0
E01004108,0.094977714,13.537179
E01004109,0.094977714,13.537179
E01004110,0.094977714,13.537179
E01004111,-0.7948571,0.0
E01004112,0.094977714,13.537179
E01004114,0.094977714,13.537179
E01004115,-0.7948571,0.0
E01004117,-0.7948571,0.0
E01004118,-0.7948571,0.0
E01004119,-0.7948571,0.0
E01004121,1.832145,39.964943
E01004123,0.094977714,13.537179
E01004124,-0.7948571,0.0
E01004125,-0.7948571,0.0
E01004126,-0.7948571,0.0
E01004127,-0.7948571,0.0
E01004129,-0.7948571,0.0
E01004131,-0.7948571,0.0
E01004135,-0.7948571,0.0
E01004136,-0.7948571,0.0
E01004137,-0.7948571,0.0
E01004138,-0.7948571,0.0
E01004139,-0.7948571,0.0
E01004140,-0.7948571,0.0
E01004143,-0.7948571,0.0
E01004144,-0.7948571,0.0
E01004145,-0.7948571,0.0
E01004146,-0.7948571,0.0
E01004153,-0.7948571,0.0
E01004154,-0.7948571,0.0
E01004155,0.094977714,13.537179
E01004159,0.094977714,13.537179
E01004160,-0.7948571,0.0
E01004162,-0.7948571,0.0
E01004163,-0.7948571,0.0
E01004164,-0.7948571,0.0
E01004166,0.094977714,13.537179
E01004171,0.094977714,13.537179
E01004172,-0.7948571,0.0
E01004173,-0.7948571,0.0
E01004174,0.094977714,13.537179
E01004178,0.99466944,27.224312
E01004180,0.094977714,13.537179
E01004181,-0.7948571,0.0
E01004182,1.832145,39.964943
E01004183,0.094977714,13.537179
E01004185,-0.7948571,0.0
E01004189,-0.7948571,0.0
E01004192,-0.7948571,0.0
E01004193,0.99466944,27.224312
E01004194,-0.7948571,0.0
E01004195,-0.7948571,0.0
E01004196,-0.7948571,0.0
E01004198,-0.7948571,0.0
E01004199,0.094977714,13.537179
E01004200,-0.7948571,0.0
E01004201,-0.7948571,0.0
E01004203,-0.7948571,0.0
E01004205,0.99466944,27.224312
E01004211,-0.7948571,0.0
E01004219,-0.7948571,0.0
E01004222,-0.7948571,0.0
E01004223,-0.7948571,0.0
E01004226,-0.7948571,0.0
E01004228,0.094977714,13.537179
E01004231,-0.7948571,0.0
E01004233,-0.7948571,0.0
E01004234,-0.7948571,0.0
E01004236,-0.7948571,0.0
E01004239,-0.7948571,0.0
E01004240,0.094977714,13.537179
E01004241,-0.7948571,0.0
E01004244,0.094977714,13.537179
E01004245,0.99466944,27.224312
E01004248,0.094977714,13.537179
E01004249,0.094977714,13.537179
E01004255,-0.7948571,0.0
E01004257,-0.7948571,0.0
E01004258,-0.7948571,0.0
E01004259,-0.7948571,0.0
E01004267,0.094977714,13.537179
E01004270,1.832145,39.964943
E01004271,-0.7948571,0.0
E01004272,-0.7948571,0.0
E01004274,0.094977714,13.537179
E01004277,0.094977714,13.537179
E01004283,0.094977714,13.537179
E01004286,-0.7948571,0.0
E01004287,-0.7948571,0.0
E01004289,-0.7948571,0.0
E01004290,0.094977714,13.537179
E01004296,0.094977714,13.537179
E01004297,-0.7948571,0.0
E01004300,-0.7948571,0.0
E01004301,-0.7948571,0.0
E01004303,0.094977714,13.537179
E01004304,1.832145,39.964943
E01004306,0.99466944,27.224312
E01004307,2.7299933,53.624035
E01004308,-0.7948571,0.0
E01004309,0.094977714,13.537179
E01004310,0.094977714,13.537179
E01004311,3.624483,67.23203
E01004313,0.99466944,27.224312
E01004315,1.832145,39.964943
E01004316,0.094977714,13.537179
E01004321,0.99466944,27.224312
E01004322,-0.7948571,0.0
E01004323,-0.7948571,0.0
E01004326,2.7299933,53.624035
E01004327,0.094977714,13.537179
E01004328,0.99466944,27.224312
E01004329,-0.7948571,0.0
E01004330,0.094977714,13.537179
E01004331,0.094977714,13.537179
E01004332,0.094977714,13.537179
E01004333,-0.7948571,0.0
E01004334,-0.7948571,0.0
E01004335,0.094977714,13.537179
E01004336,0.99466944,27.224312
E01004337,0.094977714,13.537179
E01004339,0.094977714,13.537179
E01004340,-0.7948571,0.0
E01004342,1.832145,39.964943
E01004343,-0.7948571,0.0
E01004344,-0.7948571,0.0
E01004345,-0.7948571,0.0
E01004346,0.094977714,13.537179
E01004347,-0.7948571,0.0
E01004348,1.832145,39.964943
E01004349,-0.7948571,0.0
E01004350,-0.7948571,0.0
E01004352,0.99466944,27.224312
E01004353,1.832145,39.964943
E01004354,2.7299933,53.624035
E01004355,0.094977714,13.537179
E01004356,0.094977714,13.537179
E01004357,0.094977714,13.537179
E01004358,-0.7948571,0.0
E01004360,-0.7948571,0.0
E01004361,0.094977714,13.537179
E01004362,-0.7948571,0.0
E01004363,-0.7948571,0.0
E01004364,0.094977714,13.537179
E01004365,0.094977714,13.537179
E01004366,0.99466944,27.224312
E01004368,-0.7948571,0.0
E01004369,-0.7948571,0.0
E01004370,-0.7948571,0.0
E01004371,0.99466944,27.224312
E01004372,-0.7948571,0.0
E01004374,0.99466944,27.224312
E01004375,-0.7948571,0.0
E01004376,0.094977714,13.537179
E01004377,1.832145,39.964943
E01004379,-0.7948571,0.0
E01004381,0.99466944,27.224312
E01004383,1.832145,39.964943
E01004384,0.99466944,27.224312
E01004385,0.094977714,13.537179
E01004386,0.99466944,27.224312
E01004387,-0.7948571,0.0
E01004388,0.094977714,13.537179
E01004389,-0.7948571,0.0
E01004390,1.832145,39.964943
E01004391,0.99466944,27.224312
E01004392,1.832145,39.964943
E01004393,-0.7948571,0.0
E01004394,-0.7948571,0.0
E01004395,0.094977714,13.537179
E01004396,-0.7948571,0.0
E01004397,1.832145,39.964943
E01004398,-0.7948571,0.0
E01004399,0.094977714,13.537179
E01004400,-0.7948571,0.0
E01004401,0.99466944,27.224312
E01004402,-0.7948571,0.0
E01004403,0.094977714,13.537179
E01004404,0.094977714,13.537179
E01004405,0.094977714,13.537179
E01004407,0.094977714,13.537179
E01004408,0.99466944,27.224312
E01004409,-0.7948571,0.0
E01004410,1.832145,39.964943
E01004411,0.99466944,27.224312
E01004412,1.832145,39.964943
E01004413,0.094977714,13.537179
E01004415,-0.7948571,0.0
E01004416,0.094977714,13.537179
E01004417,-0.7948571,0.0
E01004418,-0.7948571,0.0
E01004419,0.99466944,27.224312
E01004420,0.094977714,13.537179
E01004421,1.832145,39.964943
E01004422,0.094977714,13.537179
E01004423,-0.7948571,0.0
E01004424,0.094977714,13.537179
E01004425,1.832145,39.964943
E01004426,-0.7948571,0.0
E01004427,0.99466944,27.224312
E01004429,-0.7948571,0.0
E01004430,1.832145,39.964943
E01004432,0.094977714,13.537179
E01004434,-0.7948571,0.0
E01004435,0.99466944,27.224312
E01004437,0.094977714,13.537179
E01004438,2.7299933,53.624035
E01004439,-0.7948571,0.0
E01004440,1.832145,39.964943
E01004441,0.094977714,13.537179
E01004442,0.094977714,13.537179
E01004443,0.094977714,13.537179
E01004444,0.094977714,13.537179
E01004445,0.094977714,13.537179
E01004446,-0.7948571,0.0
E01004447,-0.7948571,0.0
E01004448,2.7299933,53.624035
E01004450,-0.7948571,0.0
E01004453,0.094977714,13.537179
E01004454,0.094977714,13.537179
E01004455,-0.7948571,0.0
E01004456,0.094977714,13.537179
E01004457,0.094977714,13.537179
E01004458,-0.7948571,0.0
E01004459,0.094977714,13.537179
E01004460,1.832145,39.964943
E01004462,2.7299933,53.624035
E01004463,0.99466944,27.224312
E01004464,0.094977714,13.537179
E01004465,2.7299933,53.624035
E01004466,-0.7948571,0.0
E01004467,-0.7948571,0.0
E01004468,0.094977714,13.537179
E01004469,-0.7948571,0.0
E01004470,0.094977714,13.537179
E01004471,0.99466944,27.224312
E01004473,2.7299933,53.624035
E01004474,0.99466944,27.224312
E01004475,0.094977714,13.537179
E01004479,-0.7948571,0.0
E01004480,-0.7948571,0.0
E01004481,1.832145,39.964943
E01004482,-0.7948571,0.0
E01004484,-0.7948571,0.0
E01004486,-0.7948571,0.0
E01004489,0.094977714,13.537179
E01004490,-0.7948571,0.0
E01004492,0.094977714,13.537179
E01004493,-0.7948571,0.0
E01004495,-0.7948571,0.0
E01004496,0.094977714,13.537179
E01004497,0.094977714,13.537179
E01004503,0.094977714,13.537179
E01004504,-0.7948571,0.0
E01004506,-0.7948571,0.0
E01004507,-0.7948571,0.0
E01004510,0.094977714,13.537179
E01004511,-0.7948571,0.0
E01004512,-0.7948571,0.0
E01004514,0.094977714,13.537179
E01004515,-0.7948571,0.0
E01004516,0.99466944,27.224312
E01004517,0.094977714,13.537179
E01004518,-0.7948571,0.0
E01004519,-0.7948571,0.0
E01004520,-0.7948571,0.0
E01004521,0.094977714,13.537179
E01004523,-0.7948571,0.0
E01004525,-0.7948571,0.0
E01004526,-0.7948571,0.0
E01004527,-0.7948571,0.0
E01004529,0.99466944,27.224312
E01004530,-0.7948571,0.0
E01004532,-0.7948571,0.0
E01004535,-0.7948571,0.0
E01004539,0.094977714,13.537179
E01004540,0.99466944,27.224312
E01004541,0.094977714,13.537179
E01004543,0.99466944,27.224312
E01004545,0.99466944,27.224312
E01004546,-0.7948571,0.0
E01004547,0.094977714,13.537179
E01004548,0.99466944,27.224312
E01004549,0.094977714,13.537179
E01004551,0.094977714,13.537179
E01004552,0.99466944,27.224312
E01004553,-0.7948571,0.0
E01004554,-0.7948571,0.0
E01004557,0.094977714,13.537179
E01004558,0.99466944,27.224312
E01004560,-0.7948571,0.0
E01004564,-0.7948571,0.0
E01004565,-0.7948571,0.0
E01004566,0.094977714,13.537179
E01004569,0.094977714,13.537179
E01004570,-0.7948571,0.0
E01004571,0.094977714,13.537179
E01004573,-0.7948571,0.0
E01004574,-0.7948571,0.0
E01004575,-0.7948571,0.0
E01004577,-0.7948571,0.0
E01004579,-0.7948571,0.0
E01004580,0.094977714,13.537179
E01004581,0.094977714,13.537179
E01004582,-0.7948571,0.0
E01004583,-0.7948571,0.0
E01004586,0.094977714,13.537179
E01004587,-0.7948571,0.0
E01004588,0.094977714,13.537179
E01004590,-0.7948571,0.0
E01004591,0.094977714,13.537179
E01004594,0.094977714,13.537179
E01004595,0.094977714,13.537179
E01004596,0.094977714,13.537179
E01004598,-0.7948571,0.0
E01004602,0.99466944,27.224312
E01004604,0.99466944,27.224312
E01004605,0.99466944,27.224312
E01004607,0.094977714,13.537179
E01004609,0.094977714,13.537179
E01004610,1.832145,39.964943
E01004611,0.094977714,13.537179
E01004613,0.094977714,13.537179
E01004614,-0.7948571,0.0
E01004615,0.99466944,27.224312
E01004616,0.094977714,13.537179
E01004617,-0.7948571,0.0
E01004618,-0.7948571,0.0
E01004619,0.094977714,13.537179
E01004621,0.99466944,27.224312
E01004625,-0.7948571,0.0
E01004627,-0.7948571,0.0
E01004628,0.094977714,13.537179
E01004631,-0.7948571,0.0
E01004632,-0.7948571,0.0
E01004635,-0.7948571,0.0
E01004636,-0.7948571,0.0
E01004640,-0.7948571,0.0
E01004641,-0.7948571,0.0
E01004644,0.094977714,13.537179
E01004645,-0.7948571,0.0
E01004646,-0.7948571,0.0
E01004647,-0.7948571,0.0
E01004651,0.094977714,13.537179
E01004652,-0.7948571,0.0
E01004653,0.094977714,13.537179
E01004654,0.094977714,13.537179
E01004657,-0.7948571,0.0
E01004658,0.99466944,27.224312
E01004659,0.094977714,13.537179
E01004662,0.094977714,13.537179
E01004670,0.094977714,13.537179
E01004674,-0.7948571,0.0
E01004675,-0.7948571,0.0
E01004676,0.094977714,13.537179
E01004677,0.094977714,13.537179
E01004678,-0.7948571,0.0
E01004679,0.094977714,13.537179
E01004680,-0.7948571,0.0
E01004681,0.094977714,13.537179
E01004686,-0.7948571,0.0
E01004691,0.094977714,13.537179
E01004694,0.094977714,13.537179
E01004696,0.094977714,13.537179
E01004698,0.094977714,13.537179
E01004699,2.7299933,53.624035
E01004700,-0.7948571,0.0
E01004702,0.094977714,13.537179
E01004703,0.99466944,27.224312
E01004707,0.094977714,13.537179
E01004708,-0.7948571,0.0
E01004710,0.094977714,13.537179
E01004712,-0.7948571,0.0
E01004713,-0.7948571,0.0
E01004714,5.141309,90.30771
E01004715,0.094977714,13.537179
E01004717,0.99466944,27.224312
E01004719,1.832145,39.964943
E01004721,0.99466944,27.224312
E01004722,1.832145,39.964943
E01004724,-0.7948571,0.0
E01004727,-0.7948571,0.0
E01004728,-0.7948571,0.0
E01004730,0.094977714,13.537179
E01004731,0.99466944,27.224312
E01004734,5.141309,90.30771
E01004735,2.7299933,53.624035
E01004736,5.483401,95.512
E01004743,-0.7948571,0.0
E01004746,-0.7948571,0.0
E01004747,-0.7948571,0.0
E01004748,0.094977714,13.537179
E01004750,0.99466944,27.224312
E01004754,0.094977714,13.537179
E01004756,0.094977714,13.537179
E01004757,0.094977714,13.537179
E01004760,0.99466944,27.224312
E01004761,4.523861,80.91439
E01004762,0.094977714,13.537179
E01004763,3.624483,67.23203
E01004765,4.523861,80.91439
E01032512,0.094977714,13.537179
E01032562,0.094977714,13.537179
E01032563,-0.7948571,0.0
E01032565,0.094977714,13.537179
E01032567,0.094977714,13.537179
E01032568,0.094977714,13.537179
E01032569,-0.7948571,0.0
E01032570,0.094977714,13.537179
E01032572,-0.7948571,0.0
E01032573,1.832145,39.964943
E01032574,-0.7948571,0.0
E01032577,0.094977714,13.537179
E01032579,-0.7948571,0.0
E01032580,0.094977714,13.537179
E01032581,0.094977714,13.537179
E01032582,-0.7948571,0.0
E01032583,-0.7948571,0.0
E01032584,-0.7948571,0.0
E01032646,-0.7948571,0.0
E01032719,-0.7948571,0.0
E01032739,2.7299933,53.624035
E01032740,-0.7948571,0.0
E01032741,0.094977714,13.537179
E01032742,-0.7948571,0.0
E01032765,0.99466944,27.224312
E01032771,-0.7948571,0.0
E01032772,-0.7948571,0.0
E01032774,-0.7948571,0.0
E01032777,-0.7948571,0.0
E01032781,0.094977714,13.537179
E01032782,-0.7948571,0.0
E01032785,-0.7948571,0.0
E01032786,-0.7948571,0.0
E01032787,-0.7948571,0.0
E01032788,-0.7948571,0.0
E01032803,0.094977714,13.537179
E01033081,0.99466944,27.224312
E01033083,0.094977714,13.537179
E01033084,-0.7948571,0.0
E01033086,-0.7948571,0.0
E01033098,-0.7948571,0.0
E01033100,-0.7948571,0.0
E01033146,0.094977714,13.537179
E01033148,1.832145,39.964943
E01033150,0.094977714,13.537179
E01033320,0.094977714,13.537179
E01033322,-0.7948571,0.0
E01033324,-0.7948571,0.0
E01033327,0.094977714,13.537179
E01033341,-0.7948571,0.0
E01033456,-0.7948571,0.0
E01033457,0.094977714,13.537179
E01033485,0.99466944,27.224312
E01033487,-0.7948571,0.0
E01033488,-0.7948571,0.0
E01033489,1.832145,39.964943
E01033490,0.094977714,13.537179
E01033491,-0.7948571,0.0
E01033569,0.99466944,27.224312
E01033571,0.094977714,13.537179
E01033579,-0.7948571,0.0
E01033580,-0.7948571,0.0
E01033581,0.99466944,27.224312
E01033589,0.094977714,13.537179
E01033592,0.99466944,27.224312
E01033593,-0.7948571,0.0
E01033594,0.99466944,27.224312
E01033598,-0.7948571,0.0
E01033602,-0.7948571,0.0
E01033603,-0.7948571,0.0
E01033604,0.094977714,13.537179
E01033605,1.832145,39.964943
E01033699,0.094977714,13.537179
E01033700,0.99466944,27.224312
E01033704,2.7299933,53.624035
E01033705,-0.7948571,0.0
E01033706,2.7299933,53.624035
E01033708,5.778409,100.0
E01033709,0.094977714,13.537179
E01033711,-0.7948571,0.0
E01033712,0.094977714,13.537179
E01033713,0.094977714,13.537179
E01033727,-0.7948571,0.0
E01033728,-0.7948571,0.0
E01033729,1.832145,39.964943
E01033735,-0.7948571,0.0
E01033737,0.99466944,27.224312
E01033740,0.094977714,13.537179
E01033741,0.99466944,27.224312
E01033743,-0.7948571,0.0
E01033744,-0.7948571,0.0
E01033745,-0.7948571,0.0
E01033746,0.094977714,13.537179
